Timestamp,Qs_in_Avg,T1_Avg,air_pressure,RH,wind_speed,wind_dir
"YYYY-MM-DD HH:MM:SS UTC","W m-2",Â°C,Pa,%,"m s-1",deg_from_north
"2023-09-12 00:00:00",-3.635,18.48,101275,0.0168348,1.97677,185.476
"2023-09-12 00:01:00",-2.932,18.48,NaN,NaN,NaN,NaN
"2023-09-12 00:02:00",-3.259,18.47,NaN,NaN,NaN,NaN
"2023-09-12 00:03:00",-2.954,18.47,NaN,NaN,NaN,NaN
"2023-09-12 00:04:00",-3.019,18.43,NaN,NaN,NaN,NaN
"2023-09-12 00:05:00",-3.464,18.43,NaN,NaN,NaN,NaN
"2023-09-12 00:06:00",-2.548,18.42,NaN,NaN,NaN,NaN
"2023-09-12 00:07:00",-3.33,18.42,NaN,NaN,NaN,NaN
"2023-09-12 00:08:00",-2.722,18.41,NaN,NaN,NaN,NaN
"2023-09-12 00:09:00",-3.497,18.4,NaN,NaN,NaN,NaN
"2023-09-12 00:10:00",-3.296,18.4,NaN,NaN,NaN,NaN
"2023-09-12 00:11:00",-3.492,18.38,NaN,NaN,NaN,NaN
"2023-09-12 00:12:00",-3.231,18.39,NaN,NaN,NaN,NaN
"2023-09-12 00:13:00",-2.679,18.39,NaN,NaN,NaN,NaN
"2023-09-12 00:14:00",-3.06,18.39,NaN,NaN,NaN,NaN
"2023-09-12 00:15:00",-2.887,18.38,NaN,NaN,NaN,NaN
"2023-09-12 00:16:00",-3.027,18.38,NaN,NaN,NaN,NaN
"2023-09-12 00:17:00",-3.097,18.36,NaN,NaN,NaN,NaN
"2023-09-12 00:18:00",-3.492,18.35,NaN,NaN,NaN,NaN
"2023-09-12 00:19:00",-3.333,18.34,NaN,NaN,NaN,NaN
"2023-09-12 00:20:00",-3.528,18.32,NaN,NaN,NaN,NaN
"2023-09-12 00:21:00",-3.129,18.32,NaN,NaN,NaN,NaN
"2023-09-12 00:22:00",-3.869,18.31,NaN,NaN,NaN,NaN
"2023-09-12 00:23:00",-3.393,18.29,NaN,NaN,NaN,NaN
"2023-09-12 00:24:00",-3.186,18.28,NaN,NaN,NaN,NaN
"2023-09-12 00:25:00",-3.375,18.27,NaN,NaN,NaN,NaN
"2023-09-12 00:26:00",-3.606,18.28,NaN,NaN,NaN,NaN
"2023-09-12 00:27:00",-3.5,18.27,NaN,NaN,NaN,NaN
"2023-09-12 00:28:00",-3.36,18.27,NaN,NaN,NaN,NaN
"2023-09-12 00:29:00",-3.336,18.27,NaN,NaN,NaN,NaN
"2023-09-12 00:30:00",-3.199,18.27,101275,0.0166705,1.93621,203.447
"2023-09-12 00:31:00",-2.784,18.29,NaN,NaN,NaN,NaN
"2023-09-12 00:32:00",-3.53,18.28,NaN,NaN,NaN,NaN
"2023-09-12 00:33:00",-3.028,18.28,NaN,NaN,NaN,NaN
"2023-09-12 00:34:00",-3.763,18.27,NaN,NaN,NaN,NaN
"2023-09-12 00:35:00",-3.773,18.26,NaN,NaN,NaN,NaN
"2023-09-12 00:36:00",-3.43,18.26,NaN,NaN,NaN,NaN
"2023-09-12 00:37:00",-3.431,18.26,NaN,NaN,NaN,NaN
"2023-09-12 00:38:00",-3.469,18.25,NaN,NaN,NaN,NaN
"2023-09-12 00:39:00",-3.63,18.25,NaN,NaN,NaN,NaN
"2023-09-12 00:40:00",-3.271,18.25,NaN,NaN,NaN,NaN
"2023-09-12 00:41:00",-3.527,18.24,NaN,NaN,NaN,NaN
"2023-09-12 00:42:00",-3.53,18.24,NaN,NaN,NaN,NaN
"2023-09-12 00:43:00",-2.951,18.23,NaN,NaN,NaN,NaN
"2023-09-12 00:44:00",-3.025,18.23,NaN,NaN,NaN,NaN
"2023-09-12 00:45:00",-3.434,18.24,NaN,NaN,NaN,NaN
"2023-09-12 00:46:00",-3.568,18.23,NaN,NaN,NaN,NaN
"2023-09-12 00:47:00",-3.569,18.24,NaN,NaN,NaN,NaN
"2023-09-12 00:48:00",-3.225,18.24,NaN,NaN,NaN,NaN
"2023-09-12 00:49:00",-3.257,18.25,NaN,NaN,NaN,NaN
"2023-09-12 00:50:00",-3.292,18.25,NaN,NaN,NaN,NaN
"2023-09-12 00:51:00",-3.333,18.26,NaN,NaN,NaN,NaN
"2023-09-12 00:52:00",-3.125,18.26,NaN,NaN,NaN,NaN
"2023-09-12 00:53:00",-3.117,18.26,NaN,NaN,NaN,NaN
"2023-09-12 00:54:00",-3.971,18.26,NaN,NaN,NaN,NaN
"2023-09-12 00:55:00",-3.335,18.26,NaN,NaN,NaN,NaN
"2023-09-12 00:56:00",-3.57,18.26,NaN,NaN,NaN,NaN
"2023-09-12 00:57:00",-4.009,18.26,NaN,NaN,NaN,NaN
"2023-09-12 00:58:00",-3.201,18.25,NaN,NaN,NaN,NaN
"2023-09-12 00:59:00",-3.318,18.25,NaN,NaN,NaN,NaN
"2023-09-12 01:00:00",-3.158,18.26,101275,0.0165989,2.02864,184.141
"2023-09-12 01:01:00",-3.227,18.25,NaN,NaN,NaN,NaN
"2023-09-12 01:02:00",-3.596,18.24,NaN,NaN,NaN,NaN
"2023-09-12 01:03:00",-3.258,18.25,NaN,NaN,NaN,NaN
"2023-09-12 01:04:00",-3.535,18.24,NaN,NaN,NaN,NaN
"2023-09-12 01:05:00",-2.86,18.23,NaN,NaN,NaN,NaN
"2023-09-12 01:06:00",-3.247,18.24,NaN,NaN,NaN,NaN
"2023-09-12 01:07:00",-2.956,18.23,NaN,NaN,NaN,NaN
"2023-09-12 01:08:00",-3.26,18.22,NaN,NaN,NaN,NaN
"2023-09-12 01:09:00",-3.128,18.22,NaN,NaN,NaN,NaN
"2023-09-12 01:10:00",-3.225,18.2,NaN,NaN,NaN,NaN
"2023-09-12 01:11:00",-3.024,18.19,NaN,NaN,NaN,NaN
"2023-09-12 01:12:00",-3.261,18.2,NaN,NaN,NaN,NaN
"2023-09-12 01:13:00",-3.226,18.2,NaN,NaN,NaN,NaN
"2023-09-12 01:14:00",-3.471,18.19,NaN,NaN,NaN,NaN
"2023-09-12 01:15:00",-3.373,18.17,NaN,NaN,NaN,NaN
"2023-09-12 01:16:00",-3.483,18.16,NaN,NaN,NaN,NaN
"2023-09-12 01:17:00",-3.258,18.15,NaN,NaN,NaN,NaN
"2023-09-12 01:18:00",-3.566,18.15,NaN,NaN,NaN,NaN
"2023-09-12 01:19:00",-3.532,18.15,NaN,NaN,NaN,NaN
"2023-09-12 01:20:00",-3.19,18.15,NaN,NaN,NaN,NaN
"2023-09-12 01:21:00",-3.57,18.15,NaN,NaN,NaN,NaN
"2023-09-12 01:22:00",-3.627,18.14,NaN,NaN,NaN,NaN
"2023-09-12 01:23:00",-3.495,18.14,NaN,NaN,NaN,NaN
"2023-09-12 01:24:00",-3.229,18.13,NaN,NaN,NaN,NaN
"2023-09-12 01:25:00",-3.124,18.14,NaN,NaN,NaN,NaN
"2023-09-12 01:26:00",-3.875,18.13,NaN,NaN,NaN,NaN
"2023-09-12 01:27:00",-3.699,18.13,NaN,NaN,NaN,NaN
"2023-09-12 01:28:00",-3.466,18.13,NaN,NaN,NaN,NaN
"2023-09-12 01:29:00",-3.572,18.14,NaN,NaN,NaN,NaN
"2023-09-12 01:30:00",-3.229,18.15,101275,0.016609,1.54703,182.442
"2023-09-12 01:31:00",-2.862,18.15,NaN,NaN,NaN,NaN
"2023-09-12 01:32:00",-3.4,18.16,NaN,NaN,NaN,NaN
"2023-09-12 01:33:00",-3.394,18.16,NaN,NaN,NaN,NaN
"2023-09-12 01:34:00",-3.229,18.16,NaN,NaN,NaN,NaN
"2023-09-12 01:35:00",-2.785,18.16,NaN,NaN,NaN,NaN
"2023-09-12 01:36:00",-3.025,18.16,NaN,NaN,NaN,NaN
"2023-09-12 01:37:00",-2.893,18.16,NaN,NaN,NaN,NaN
"2023-09-12 01:38:00",-2.99,18.16,NaN,NaN,NaN,NaN
"2023-09-12 01:39:00",-3.159,18.16,NaN,NaN,NaN,NaN
"2023-09-12 01:40:00",-3.097,18.16,NaN,NaN,NaN,NaN
"2023-09-12 01:41:00",-3.052,18.16,NaN,NaN,NaN,NaN
"2023-09-12 01:42:00",-3.532,18.16,NaN,NaN,NaN,NaN
"2023-09-12 01:43:00",-3.558,18.16,NaN,NaN,NaN,NaN
"2023-09-12 01:44:00",-2.896,18.17,NaN,NaN,NaN,NaN
"2023-09-12 01:45:00",-2.92,18.16,NaN,NaN,NaN,NaN
"2023-09-12 01:46:00",-2.719,18.16,NaN,NaN,NaN,NaN
"2023-09-12 01:47:00",-2.856,18.16,NaN,NaN,NaN,NaN
"2023-09-12 01:48:00",-3.049,18.16,NaN,NaN,NaN,NaN
"2023-09-12 01:49:00",-3.237,18.17,NaN,NaN,NaN,NaN
"2023-09-12 01:50:00",-2.918,18.16,NaN,NaN,NaN,NaN
"2023-09-12 01:51:00",-2.749,18.16,NaN,NaN,NaN,NaN
"2023-09-12 01:52:00",-3.054,18.16,NaN,NaN,NaN,NaN
"2023-09-12 01:53:00",-3.233,18.15,NaN,NaN,NaN,NaN
"2023-09-12 01:54:00",-3.295,18.15,NaN,NaN,NaN,NaN
"2023-09-12 01:55:00",-3.4,18.14,NaN,NaN,NaN,NaN
"2023-09-12 01:56:00",-3.222,18.14,NaN,NaN,NaN,NaN
"2023-09-12 01:57:00",-2.915,18.13,NaN,NaN,NaN,NaN
"2023-09-12 01:58:00",-2.815,18.12,NaN,NaN,NaN,NaN
"2023-09-12 01:59:00",-2.823,18.11,NaN,NaN,NaN,NaN
"2023-09-12 02:00:00",-3.159,18.12,101275,0.0166484,1.7055,158.3
"2023-09-12 02:01:00",-3.283,18.13,NaN,NaN,NaN,NaN
"2023-09-12 02:02:00",-3.397,18.13,NaN,NaN,NaN,NaN
"2023-09-12 02:03:00",-3.255,18.13,NaN,NaN,NaN,NaN
"2023-09-12 02:04:00",-2.993,18.13,NaN,NaN,NaN,NaN
"2023-09-12 02:05:00",-3.062,18.13,NaN,NaN,NaN,NaN
"2023-09-12 02:06:00",-2.586,18.12,NaN,NaN,NaN,NaN
"2023-09-12 02:07:00",-3.563,18.13,NaN,NaN,NaN,NaN
"2023-09-12 02:08:00",-3.538,18.11,NaN,NaN,NaN,NaN
"2023-09-12 02:09:00",-3.398,18.1,NaN,NaN,NaN,NaN
"2023-09-12 02:10:00",-3.362,18.1,NaN,NaN,NaN,NaN
"2023-09-12 02:11:00",-3.095,18.1,NaN,NaN,NaN,NaN
"2023-09-12 02:12:00",-3.052,18.1,NaN,NaN,NaN,NaN
"2023-09-12 02:13:00",-3.327,18.09,NaN,NaN,NaN,NaN
"2023-09-12 02:14:00",-2.859,18.09,NaN,NaN,NaN,NaN
"2023-09-12 02:15:00",-3.294,18.09,NaN,NaN,NaN,NaN
"2023-09-12 02:16:00",-3.029,18.09,NaN,NaN,NaN,NaN
"2023-09-12 02:17:00",-3.53,18.08,NaN,NaN,NaN,NaN
"2023-09-12 02:18:00",-3.029,18.09,NaN,NaN,NaN,NaN
"2023-09-12 02:19:00",-3.097,18.08,NaN,NaN,NaN,NaN
"2023-09-12 02:20:00",-3.184,18.07,NaN,NaN,NaN,NaN
"2023-09-12 02:21:00",-3.461,18.05,NaN,NaN,NaN,NaN
"2023-09-12 02:22:00",-3.402,18.05,NaN,NaN,NaN,NaN
"2023-09-12 02:23:00",-3.428,18.05,NaN,NaN,NaN,NaN
"2023-09-12 02:24:00",-3.265,18.04,NaN,NaN,NaN,NaN
"2023-09-12 02:25:00",-3.174,18.04,NaN,NaN,NaN,NaN
"2023-09-12 02:26:00",-3.164,18.04,NaN,NaN,NaN,NaN
"2023-09-12 02:27:00",-3.564,18.04,NaN,NaN,NaN,NaN
"2023-09-12 02:28:00",-3.13,18.04,NaN,NaN,NaN,NaN
"2023-09-12 02:29:00",-3.664,18.03,NaN,NaN,NaN,NaN
"2023-09-12 02:30:00",-3.466,18.03,101275,0.0165904,1.56892,150.828
"2023-09-12 02:31:00",-3.093,18.03,NaN,NaN,NaN,NaN
"2023-09-12 02:32:00",-3.398,18.02,NaN,NaN,NaN,NaN
"2023-09-12 02:33:00",-3.771,18.01,NaN,NaN,NaN,NaN
"2023-09-12 02:34:00",-2.926,18.01,NaN,NaN,NaN,NaN
"2023-09-12 02:35:00",-3.16,18,NaN,NaN,NaN,NaN
"2023-09-12 02:36:00",-2.991,18.01,NaN,NaN,NaN,NaN
"2023-09-12 02:37:00",-3.294,18.01,NaN,NaN,NaN,NaN
"2023-09-12 02:38:00",-3.361,18,NaN,NaN,NaN,NaN
"2023-09-12 02:39:00",-3.261,18.01,NaN,NaN,NaN,NaN
"2023-09-12 02:40:00",-3.116,18.01,NaN,NaN,NaN,NaN
"2023-09-12 02:41:00",-3.67,18,NaN,NaN,NaN,NaN
"2023-09-12 02:42:00",-3.328,18,NaN,NaN,NaN,NaN
"2023-09-12 02:43:00",-3.249,17.98,NaN,NaN,NaN,NaN
"2023-09-12 02:44:00",-2.691,17.97,NaN,NaN,NaN,NaN
"2023-09-12 02:45:00",-2.89,17.96,NaN,NaN,NaN,NaN
"2023-09-12 02:46:00",-3.295,17.96,NaN,NaN,NaN,NaN
"2023-09-12 02:47:00",-3.263,17.96,NaN,NaN,NaN,NaN
"2023-09-12 02:48:00",-3.196,17.95,NaN,NaN,NaN,NaN
"2023-09-12 02:49:00",-2.956,17.94,NaN,NaN,NaN,NaN
"2023-09-12 02:50:00",-3.324,17.94,NaN,NaN,NaN,NaN
"2023-09-12 02:51:00",-3.636,17.93,NaN,NaN,NaN,NaN
"2023-09-12 02:52:00",-3.222,17.91,NaN,NaN,NaN,NaN
"2023-09-12 02:53:00",-3.201,17.9,NaN,NaN,NaN,NaN
"2023-09-12 02:54:00",-3.153,17.9,NaN,NaN,NaN,NaN
"2023-09-12 02:55:00",-2.96,17.89,NaN,NaN,NaN,NaN
"2023-09-12 02:56:00",-3.265,17.87,NaN,NaN,NaN,NaN
"2023-09-12 02:57:00",-3.4,17.87,NaN,NaN,NaN,NaN
"2023-09-12 02:58:00",-3.195,17.86,NaN,NaN,NaN,NaN
"2023-09-12 02:59:00",-3.128,17.84,NaN,NaN,NaN,NaN
"2023-09-12 03:00:00",-2.924,17.84,101275,0.0164847,1.40123,157.902
"2023-09-12 03:01:00",-3.028,17.84,NaN,NaN,NaN,NaN
"2023-09-12 03:02:00",-2.673,17.84,NaN,NaN,NaN,NaN
"2023-09-12 03:03:00",-3.599,17.83,NaN,NaN,NaN,NaN
"2023-09-12 03:04:00",-2.828,17.81,NaN,NaN,NaN,NaN
"2023-09-12 03:05:00",-3.119,17.78,NaN,NaN,NaN,NaN
"2023-09-12 03:06:00",-3.744,17.78,NaN,NaN,NaN,NaN
"2023-09-12 03:07:00",-3.544,17.78,NaN,NaN,NaN,NaN
"2023-09-12 03:08:00",-3.636,17.77,NaN,NaN,NaN,NaN
"2023-09-12 03:09:00",-3.268,17.77,NaN,NaN,NaN,NaN
"2023-09-12 03:10:00",-3.53,17.76,NaN,NaN,NaN,NaN
"2023-09-12 03:11:00",-2.752,17.76,NaN,NaN,NaN,NaN
"2023-09-12 03:12:00",-2.913,17.77,NaN,NaN,NaN,NaN
"2023-09-12 03:13:00",-3.466,17.76,NaN,NaN,NaN,NaN
"2023-09-12 03:14:00",-3.663,17.77,NaN,NaN,NaN,NaN
"2023-09-12 03:15:00",-3.195,17.76,NaN,NaN,NaN,NaN
"2023-09-12 03:16:00",-3.193,17.76,NaN,NaN,NaN,NaN
"2023-09-12 03:17:00",-3.56,17.76,NaN,NaN,NaN,NaN
"2023-09-12 03:18:00",-3.428,17.75,NaN,NaN,NaN,NaN
"2023-09-12 03:19:00",-3.462,17.74,NaN,NaN,NaN,NaN
"2023-09-12 03:20:00",-3.163,17.73,NaN,NaN,NaN,NaN
"2023-09-12 03:21:00",-3.201,17.73,NaN,NaN,NaN,NaN
"2023-09-12 03:22:00",-3.364,17.73,NaN,NaN,NaN,NaN
"2023-09-12 03:23:00",-3.436,17.73,NaN,NaN,NaN,NaN
"2023-09-12 03:24:00",-2.828,17.71,NaN,NaN,NaN,NaN
"2023-09-12 03:25:00",-2.75,17.7,NaN,NaN,NaN,NaN
"2023-09-12 03:26:00",-3.203,17.73,NaN,NaN,NaN,NaN
"2023-09-12 03:27:00",-2.982,17.7,NaN,NaN,NaN,NaN
"2023-09-12 03:28:00",-2.962,17.72,NaN,NaN,NaN,NaN
"2023-09-12 03:29:00",-3.023,17.71,NaN,NaN,NaN,NaN
"2023-09-12 03:30:00",-2.653,17.71,101275,0.0163101,1.72304,155.268
"2023-09-12 03:31:00",-3.171,17.71,NaN,NaN,NaN,NaN
"2023-09-12 03:32:00",-3.121,17.71,NaN,NaN,NaN,NaN
"2023-09-12 03:33:00",-3.326,17.7,NaN,NaN,NaN,NaN
"2023-09-12 03:34:00",-3.164,17.68,NaN,NaN,NaN,NaN
"2023-09-12 03:35:00",-3.295,17.7,NaN,NaN,NaN,NaN
"2023-09-12 03:36:00",-3.394,17.69,NaN,NaN,NaN,NaN
"2023-09-12 03:37:00",-3.491,17.68,NaN,NaN,NaN,NaN
"2023-09-12 03:38:00",-3.333,17.68,NaN,NaN,NaN,NaN
"2023-09-12 03:39:00",-3.43,17.66,NaN,NaN,NaN,NaN
"2023-09-12 03:40:00",-2.856,17.64,NaN,NaN,NaN,NaN
"2023-09-12 03:41:00",-3.167,17.62,NaN,NaN,NaN,NaN
"2023-09-12 03:42:00",-3.125,17.59,NaN,NaN,NaN,NaN
"2023-09-12 03:43:00",-2.888,17.58,NaN,NaN,NaN,NaN
"2023-09-12 03:44:00",-2.92,17.59,NaN,NaN,NaN,NaN
"2023-09-12 03:45:00",-2.25,17.58,NaN,NaN,NaN,NaN
"2023-09-12 03:46:00",-3.218,17.57,NaN,NaN,NaN,NaN
"2023-09-12 03:47:00",-3.26,17.56,NaN,NaN,NaN,NaN
"2023-09-12 03:48:00",-3.129,17.55,NaN,NaN,NaN,NaN
"2023-09-12 03:49:00",-3.021,17.54,NaN,NaN,NaN,NaN
"2023-09-12 03:50:00",-2.83,17.54,NaN,NaN,NaN,NaN
"2023-09-12 03:51:00",-2.71,17.52,NaN,NaN,NaN,NaN
"2023-09-12 03:52:00",-2.956,17.52,NaN,NaN,NaN,NaN
"2023-09-12 03:53:00",-2.919,17.53,NaN,NaN,NaN,NaN
"2023-09-12 03:54:00",-3.016,17.51,NaN,NaN,NaN,NaN
"2023-09-12 03:55:00",-2.211,17.51,NaN,NaN,NaN,NaN
"2023-09-12 03:56:00",-2.507,17.51,NaN,NaN,NaN,NaN
"2023-09-12 03:57:00",-2.487,17.5,NaN,NaN,NaN,NaN
"2023-09-12 03:58:00",-2.913,17.5,NaN,NaN,NaN,NaN
"2023-09-12 03:59:00",-2.515,17.5,NaN,NaN,NaN,NaN
"2023-09-12 04:00:00",-2.614,17.5,101275,0.0161799,1.65214,144.647
"2023-09-12 04:01:00",-2.31,17.5,NaN,NaN,NaN,NaN
"2023-09-12 04:02:00",-2.585,17.51,NaN,NaN,NaN,NaN
"2023-09-12 04:03:00",-2.307,17.51,NaN,NaN,NaN,NaN
"2023-09-12 04:04:00",-1.971,17.48,NaN,NaN,NaN,NaN
"2023-09-12 04:05:00",-2.341,17.48,NaN,NaN,NaN,NaN
"2023-09-12 04:06:00",-2.313,17.49,NaN,NaN,NaN,NaN
"2023-09-12 04:07:00",-2.65,17.49,NaN,NaN,NaN,NaN
"2023-09-12 04:08:00",-1.969,17.49,NaN,NaN,NaN,NaN
"2023-09-12 04:09:00",-1.971,17.51,NaN,NaN,NaN,NaN
"2023-09-12 04:10:00",-2.343,17.5,NaN,NaN,NaN,NaN
"2023-09-12 04:11:00",-2.177,17.49,NaN,NaN,NaN,NaN
"2023-09-12 04:12:00",-2.649,17.5,NaN,NaN,NaN,NaN
"2023-09-12 04:13:00",-2.247,17.52,NaN,NaN,NaN,NaN
"2023-09-12 04:14:00",-1.899,17.54,NaN,NaN,NaN,NaN
"2023-09-12 04:15:00",-1.666,17.54,NaN,NaN,NaN,NaN
"2023-09-12 04:16:00",-1.399,17.55,NaN,NaN,NaN,NaN
"2023-09-12 04:17:00",-1.86,17.55,NaN,NaN,NaN,NaN
"2023-09-12 04:18:00",-2.449,17.54,NaN,NaN,NaN,NaN
"2023-09-12 04:19:00",-1.623,17.55,NaN,NaN,NaN,NaN
"2023-09-12 04:20:00",-2.414,17.55,NaN,NaN,NaN,NaN
"2023-09-12 04:21:00",-1.397,17.54,NaN,NaN,NaN,NaN
"2023-09-12 04:22:00",-2.474,17.54,NaN,NaN,NaN,NaN
"2023-09-12 04:23:00",-2.31,17.54,NaN,NaN,NaN,NaN
"2023-09-12 04:24:00",-2.928,17.54,NaN,NaN,NaN,NaN
"2023-09-12 04:25:00",-2.578,17.54,NaN,NaN,NaN,NaN
"2023-09-12 04:26:00",-2.142,17.54,NaN,NaN,NaN,NaN
"2023-09-12 04:27:00",-2.347,17.54,NaN,NaN,NaN,NaN
"2023-09-12 04:28:00",-2.27,17.55,NaN,NaN,NaN,NaN
"2023-09-12 04:29:00",-2.275,17.55,NaN,NaN,NaN,NaN
"2023-09-12 04:30:00",-2.273,17.56,101275,0.0160717,1.41755,148.278
"2023-09-12 04:31:00",-2.179,17.57,NaN,NaN,NaN,NaN
"2023-09-12 04:32:00",-2.139,17.57,NaN,NaN,NaN,NaN
"2023-09-12 04:33:00",-2.444,17.58,NaN,NaN,NaN,NaN
"2023-09-12 04:34:00",-2.617,17.6,NaN,NaN,NaN,NaN
"2023-09-12 04:35:00",-2.75,17.61,NaN,NaN,NaN,NaN
"2023-09-12 04:36:00",-2.241,17.63,NaN,NaN,NaN,NaN
"2023-09-12 04:37:00",-2.151,17.63,NaN,NaN,NaN,NaN
"2023-09-12 04:38:00",-2.206,17.62,NaN,NaN,NaN,NaN
"2023-09-12 04:39:00",-2.304,17.62,NaN,NaN,NaN,NaN
"2023-09-12 04:40:00",-2.657,17.61,NaN,NaN,NaN,NaN
"2023-09-12 04:41:00",-3.124,17.59,NaN,NaN,NaN,NaN
"2023-09-12 04:42:00",-2.185,17.59,NaN,NaN,NaN,NaN
"2023-09-12 04:43:00",-2.037,17.58,NaN,NaN,NaN,NaN
"2023-09-12 04:44:00",-2.916,17.59,NaN,NaN,NaN,NaN
"2023-09-12 04:45:00",-2.28,17.58,NaN,NaN,NaN,NaN
"2023-09-12 04:46:00",-2.924,17.58,NaN,NaN,NaN,NaN
"2023-09-12 04:47:00",-2.487,17.57,NaN,NaN,NaN,NaN
"2023-09-12 04:48:00",-2.623,17.56,NaN,NaN,NaN,NaN
"2023-09-12 04:49:00",-2.177,17.57,NaN,NaN,NaN,NaN
"2023-09-12 04:50:00",-2.097,17.57,NaN,NaN,NaN,NaN
"2023-09-12 04:51:00",-2.239,17.58,NaN,NaN,NaN,NaN
"2023-09-12 04:52:00",-2.506,17.56,NaN,NaN,NaN,NaN
"2023-09-12 04:53:00",-2.584,17.54,NaN,NaN,NaN,NaN
"2023-09-12 04:54:00",-2.249,17.53,NaN,NaN,NaN,NaN
"2023-09-12 04:55:00",-1.908,17.54,NaN,NaN,NaN,NaN
"2023-09-12 04:56:00",-2.202,17.54,NaN,NaN,NaN,NaN
"2023-09-12 04:57:00",-2.097,17.55,NaN,NaN,NaN,NaN
"2023-09-12 04:58:00",-1.636,17.56,NaN,NaN,NaN,NaN
"2023-09-12 04:59:00",-1.831,17.56,NaN,NaN,NaN,NaN
"2023-09-12 05:00:00",-1.67,17.56,101275,0.0161094,2.28658,131.248
"2023-09-12 05:01:00",-1.727,17.58,NaN,NaN,NaN,NaN
"2023-09-12 05:02:00",-1.694,17.57,NaN,NaN,NaN,NaN
"2023-09-12 05:03:00",-1.87,17.59,NaN,NaN,NaN,NaN
"2023-09-12 05:04:00",-1.664,17.6,NaN,NaN,NaN,NaN
"2023-09-12 05:05:00",-1.323,17.61,NaN,NaN,NaN,NaN
"2023-09-12 05:06:00",-1.494,17.62,NaN,NaN,NaN,NaN
"2023-09-12 05:07:00",-1.055,17.63,NaN,NaN,NaN,NaN
"2023-09-12 05:08:00",-1.187,17.64,NaN,NaN,NaN,NaN
"2023-09-12 05:09:00",-1.187,17.65,NaN,NaN,NaN,NaN
"2023-09-12 05:10:00",-1.192,17.66,NaN,NaN,NaN,NaN
"2023-09-12 05:11:00",-1.261,17.66,NaN,NaN,NaN,NaN
"2023-09-12 05:12:00",-0.842,17.67,NaN,NaN,NaN,NaN
"2023-09-12 05:13:00",-0.678,17.68,NaN,NaN,NaN,NaN
"2023-09-12 05:14:00",-0.446,17.7,NaN,NaN,NaN,NaN
"2023-09-12 05:15:00",-0.877,17.71,NaN,NaN,NaN,NaN
"2023-09-12 05:16:00",-0.306,17.74,NaN,NaN,NaN,NaN
"2023-09-12 05:17:00",-0.034,17.75,NaN,NaN,NaN,NaN
"2023-09-12 05:18:00",-0.092,17.76,NaN,NaN,NaN,NaN
"2023-09-12 05:19:00",0.512,17.77,NaN,NaN,NaN,NaN
"2023-09-12 05:20:00",0.576,17.78,NaN,NaN,NaN,NaN
"2023-09-12 05:21:00",1.192,17.79,NaN,NaN,NaN,NaN
"2023-09-12 05:22:00",1.325,17.79,NaN,NaN,NaN,NaN
"2023-09-12 05:23:00",1.8,17.79,NaN,NaN,NaN,NaN
"2023-09-12 05:24:00",2.95,17.77,NaN,NaN,NaN,NaN
"2023-09-12 05:25:00",2.889,17.76,NaN,NaN,NaN,NaN
"2023-09-12 05:26:00",3.301,17.75,NaN,NaN,NaN,NaN
"2023-09-12 05:27:00",2.991,17.75,NaN,NaN,NaN,NaN
"2023-09-12 05:28:00",4.21,17.75,NaN,NaN,NaN,NaN
"2023-09-12 05:29:00",3.914,17.76,NaN,NaN,NaN,NaN
"2023-09-12 05:30:00",5.154,17.74,101275,0.0161558,1.76356,147.012
"2023-09-12 05:31:00",5.205,17.75,NaN,NaN,NaN,NaN
"2023-09-12 05:32:00",5.299,17.74,NaN,NaN,NaN,NaN
"2023-09-12 05:33:00",5.479,17.75,NaN,NaN,NaN,NaN
"2023-09-12 05:34:00",6.488,17.75,NaN,NaN,NaN,NaN
"2023-09-12 05:35:00",7.344,17.75,NaN,NaN,NaN,NaN
"2023-09-12 05:36:00",9.13,17.76,NaN,NaN,NaN,NaN
"2023-09-12 05:37:00",9.69,17.77,NaN,NaN,NaN,NaN
"2023-09-12 05:38:00",10.73,17.79,NaN,NaN,NaN,NaN
"2023-09-12 05:39:00",11.89,17.8,NaN,NaN,NaN,NaN
"2023-09-12 05:40:00",11.82,17.82,NaN,NaN,NaN,NaN
"2023-09-12 05:41:00",12.23,17.82,NaN,NaN,NaN,NaN
"2023-09-12 05:42:00",13.29,17.85,NaN,NaN,NaN,NaN
"2023-09-12 05:43:00",14.31,17.87,NaN,NaN,NaN,NaN
"2023-09-12 05:44:00",15.29,17.87,NaN,NaN,NaN,NaN
"2023-09-12 05:45:00",16.45,17.88,NaN,NaN,NaN,NaN
"2023-09-12 05:46:00",17.68,17.89,NaN,NaN,NaN,NaN
"2023-09-12 05:47:00",18.17,17.92,NaN,NaN,NaN,NaN
"2023-09-12 05:48:00",18.85,17.93,NaN,NaN,NaN,NaN
"2023-09-12 05:49:00",20.31,17.97,NaN,NaN,NaN,NaN
"2023-09-12 05:50:00",22.46,17.99,NaN,NaN,NaN,NaN
"2023-09-12 05:51:00",23.48,18,NaN,NaN,NaN,NaN
"2023-09-12 05:52:00",26.03,18.03,NaN,NaN,NaN,NaN
"2023-09-12 05:53:00",26.87,18.04,NaN,NaN,NaN,NaN
"2023-09-12 05:54:00",27.38,18.06,NaN,NaN,NaN,NaN
"2023-09-12 05:55:00",28.2,18.09,NaN,NaN,NaN,NaN
"2023-09-12 05:56:00",29.87,18.1,NaN,NaN,NaN,NaN
"2023-09-12 05:57:00",31.49,18.11,NaN,NaN,NaN,NaN
"2023-09-12 05:58:00",33.33,18.12,NaN,NaN,NaN,NaN
"2023-09-12 05:59:00",35.3,18.12,NaN,NaN,NaN,NaN
"2023-09-12 06:00:00",37.27,18.14,101275,0.0163095,2.34984,157.431
"2023-09-12 06:01:00",38.29,18.14,NaN,NaN,NaN,NaN
"2023-09-12 06:02:00",37.44,18.14,NaN,NaN,NaN,NaN
"2023-09-12 06:03:00",35.54,18.17,NaN,NaN,NaN,NaN
"2023-09-12 06:04:00",35.2,18.18,NaN,NaN,NaN,NaN
"2023-09-12 06:05:00",36.92,18.19,NaN,NaN,NaN,NaN
"2023-09-12 06:06:00",36.67,18.21,NaN,NaN,NaN,NaN
"2023-09-12 06:07:00",36.11,18.23,NaN,NaN,NaN,NaN
"2023-09-12 06:08:00",36.73,18.24,NaN,NaN,NaN,NaN
"2023-09-12 06:09:00",37.17,18.24,NaN,NaN,NaN,NaN
"2023-09-12 06:10:00",36.12,18.24,NaN,NaN,NaN,NaN
"2023-09-12 06:11:00",35.67,18.26,NaN,NaN,NaN,NaN
"2023-09-12 06:12:00",36.59,18.28,NaN,NaN,NaN,NaN
"2023-09-12 06:13:00",34.97,18.28,NaN,NaN,NaN,NaN
"2023-09-12 06:14:00",34.29,18.29,NaN,NaN,NaN,NaN
"2023-09-12 06:15:00",32.62,18.3,NaN,NaN,NaN,NaN
"2023-09-12 06:16:00",33.6,18.3,NaN,NaN,NaN,NaN
"2023-09-12 06:17:00",35.87,18.31,NaN,NaN,NaN,NaN
"2023-09-12 06:18:00",36.63,18.33,NaN,NaN,NaN,NaN
"2023-09-12 06:19:00",36.98,18.34,NaN,NaN,NaN,NaN
"2023-09-12 06:20:00",37.75,18.36,NaN,NaN,NaN,NaN
"2023-09-12 06:21:00",42.22,18.36,NaN,NaN,NaN,NaN
"2023-09-12 06:22:00",46.61,18.37,NaN,NaN,NaN,NaN
"2023-09-12 06:23:00",49.87,18.38,NaN,NaN,NaN,NaN
"2023-09-12 06:24:00",53.82,18.38,NaN,NaN,NaN,NaN
"2023-09-12 06:25:00",56.88,18.39,NaN,NaN,NaN,NaN
"2023-09-12 06:26:00",57.69,18.41,NaN,NaN,NaN,NaN
"2023-09-12 06:27:00",57.86,18.42,NaN,NaN,NaN,NaN
"2023-09-12 06:28:00",58.68,18.44,NaN,NaN,NaN,NaN
"2023-09-12 06:29:00",59.87,18.45,NaN,NaN,NaN,NaN
"2023-09-12 06:30:00",59.91,18.45,101275,0.0165215,2.37248,160.206
"2023-09-12 06:31:00",54.42,18.47,NaN,NaN,NaN,NaN
"2023-09-12 06:32:00",50.29,18.5,NaN,NaN,NaN,NaN
"2023-09-12 06:33:00",45.14,18.51,NaN,NaN,NaN,NaN
"2023-09-12 06:34:00",38.74,18.51,NaN,NaN,NaN,NaN
"2023-09-12 06:35:00",37.54,18.53,NaN,NaN,NaN,NaN
"2023-09-12 06:36:00",38.39,18.56,NaN,NaN,NaN,NaN
"2023-09-12 06:37:00",38.39,18.59,NaN,NaN,NaN,NaN
"2023-09-12 06:38:00",41.68,18.59,NaN,NaN,NaN,NaN
"2023-09-12 06:39:00",47.97,18.62,NaN,NaN,NaN,NaN
"2023-09-12 06:40:00",48.05,18.65,NaN,NaN,NaN,NaN
"2023-09-12 06:41:00",48.17,18.66,NaN,NaN,NaN,NaN
"2023-09-12 06:42:00",47.11,18.66,NaN,NaN,NaN,NaN
"2023-09-12 06:43:00",40.54,18.65,NaN,NaN,NaN,NaN
"2023-09-12 06:44:00",44.62,18.64,NaN,NaN,NaN,NaN
"2023-09-12 06:45:00",47.48,18.64,NaN,NaN,NaN,NaN
"2023-09-12 06:46:00",43.62,18.64,NaN,NaN,NaN,NaN
"2023-09-12 06:47:00",42.67,18.61,NaN,NaN,NaN,NaN
"2023-09-12 06:48:00",44.11,18.61,NaN,NaN,NaN,NaN
"2023-09-12 06:49:00",41.45,18.6,NaN,NaN,NaN,NaN
"2023-09-12 06:50:00",45.22,18.59,NaN,NaN,NaN,NaN
"2023-09-12 06:51:00",44.54,18.6,NaN,NaN,NaN,NaN
"2023-09-12 06:52:00",48.94,18.59,NaN,NaN,NaN,NaN
"2023-09-12 06:53:00",51.19,18.6,NaN,NaN,NaN,NaN
"2023-09-12 06:54:00",47.5,18.6,NaN,NaN,NaN,NaN
"2023-09-12 06:55:00",45.24,18.6,NaN,NaN,NaN,NaN
"2023-09-12 06:56:00",41.9,18.61,NaN,NaN,NaN,NaN
"2023-09-12 06:57:00",36.13,18.61,NaN,NaN,NaN,NaN
"2023-09-12 06:58:00",36.62,18.62,NaN,NaN,NaN,NaN
"2023-09-12 06:59:00",41.74,18.64,NaN,NaN,NaN,NaN
"2023-09-12 07:00:00",66.41,18.66,101275,0.0166646,2.42555,161.397
"2023-09-12 07:01:00",90.6,18.69,NaN,NaN,NaN,NaN
"2023-09-12 07:02:00",97,18.71,NaN,NaN,NaN,NaN
"2023-09-12 07:03:00",89.1,18.71,NaN,NaN,NaN,NaN
"2023-09-12 07:04:00",76.88,18.74,NaN,NaN,NaN,NaN
"2023-09-12 07:05:00",95.1,18.77,NaN,NaN,NaN,NaN
"2023-09-12 07:06:00",123.9,18.8,NaN,NaN,NaN,NaN
"2023-09-12 07:07:00",121.2,18.83,NaN,NaN,NaN,NaN
"2023-09-12 07:08:00",113.6,18.88,NaN,NaN,NaN,NaN
"2023-09-12 07:09:00",95.4,18.92,NaN,NaN,NaN,NaN
"2023-09-12 07:10:00",89.3,18.97,NaN,NaN,NaN,NaN
"2023-09-12 07:11:00",112.8,19,NaN,NaN,NaN,NaN
"2023-09-12 07:12:00",138.5,19.03,NaN,NaN,NaN,NaN
"2023-09-12 07:13:00",130.6,19.07,NaN,NaN,NaN,NaN
"2023-09-12 07:14:00",130.6,19.1,NaN,NaN,NaN,NaN
"2023-09-12 07:15:00",130.5,19.1,NaN,NaN,NaN,NaN
"2023-09-12 07:16:00",138.3,19.12,NaN,NaN,NaN,NaN
"2023-09-12 07:17:00",147.8,19.12,NaN,NaN,NaN,NaN
"2023-09-12 07:18:00",135.1,19.12,NaN,NaN,NaN,NaN
"2023-09-12 07:19:00",134.2,19.15,NaN,NaN,NaN,NaN
"2023-09-12 07:20:00",146.7,19.16,NaN,NaN,NaN,NaN
"2023-09-12 07:21:00",160.4,19.18,NaN,NaN,NaN,NaN
"2023-09-12 07:22:00",168.5,19.21,NaN,NaN,NaN,NaN
"2023-09-12 07:23:00",147.4,19.25,NaN,NaN,NaN,NaN
"2023-09-12 07:24:00",150.7,19.26,NaN,NaN,NaN,NaN
"2023-09-12 07:25:00",221.5,19.31,NaN,NaN,NaN,NaN
"2023-09-12 07:26:00",238.1,19.36,NaN,NaN,NaN,NaN
"2023-09-12 07:27:00",229.6,19.37,NaN,NaN,NaN,NaN
"2023-09-12 07:28:00",233.6,19.4,NaN,NaN,NaN,NaN
"2023-09-12 07:29:00",184.5,19.4,NaN,NaN,NaN,NaN
"2023-09-12 07:30:00",186.9,19.41,101275,0.016738,2.09725,156.833
"2023-09-12 07:31:00",220,19.42,NaN,NaN,NaN,NaN
"2023-09-12 07:32:00",273.4,19.46,NaN,NaN,NaN,NaN
"2023-09-12 07:33:00",326.4,19.54,NaN,NaN,NaN,NaN
"2023-09-12 07:34:00",347,19.59,NaN,NaN,NaN,NaN
"2023-09-12 07:35:00",369.3,19.65,NaN,NaN,NaN,NaN
"2023-09-12 07:36:00",326.8,19.73,NaN,NaN,NaN,NaN
"2023-09-12 07:37:00",298,19.73,NaN,NaN,NaN,NaN
"2023-09-12 07:38:00",307.3,19.82,NaN,NaN,NaN,NaN
"2023-09-12 07:39:00",285.5,19.83,NaN,NaN,NaN,NaN
"2023-09-12 07:40:00",325.7,19.85,NaN,NaN,NaN,NaN
"2023-09-12 07:41:00",247.8,19.88,NaN,NaN,NaN,NaN
"2023-09-12 07:42:00",161.8,19.85,NaN,NaN,NaN,NaN
"2023-09-12 07:43:00",223.1,19.81,NaN,NaN,NaN,NaN
"2023-09-12 07:44:00",185.4,19.8,NaN,NaN,NaN,NaN
"2023-09-12 07:45:00",269,19.79,NaN,NaN,NaN,NaN
"2023-09-12 07:46:00",303.9,19.8,NaN,NaN,NaN,NaN
"2023-09-12 07:47:00",173,19.76,NaN,NaN,NaN,NaN
"2023-09-12 07:48:00",154,19.71,NaN,NaN,NaN,NaN
"2023-09-12 07:49:00",146,19.68,NaN,NaN,NaN,NaN
"2023-09-12 07:50:00",153,19.66,NaN,NaN,NaN,NaN
"2023-09-12 07:51:00",280.3,19.69,NaN,NaN,NaN,NaN
"2023-09-12 07:52:00",244.5,19.73,NaN,NaN,NaN,NaN
"2023-09-12 07:53:00",359.7,19.81,NaN,NaN,NaN,NaN
"2023-09-12 07:54:00",376.1,19.9,NaN,NaN,NaN,NaN
"2023-09-12 07:55:00",389.1,19.97,NaN,NaN,NaN,NaN
"2023-09-12 07:56:00",346.7,20.06,NaN,NaN,NaN,NaN
"2023-09-12 07:57:00",354.2,20.12,NaN,NaN,NaN,NaN
"2023-09-12 07:58:00",434.2,20.2,NaN,NaN,NaN,NaN
"2023-09-12 07:59:00",325,20.23,NaN,NaN,NaN,NaN
"2023-09-12 08:00:00",346.4,20.23,101275,100,2.73669,180.59
"2023-09-12 08:01:00",418.5,20.28,NaN,NaN,NaN,NaN
"2023-09-12 08:02:00",406.7,20.35,NaN,NaN,NaN,NaN
"2023-09-12 08:03:00",268.5,20.37,NaN,NaN,NaN,NaN
"2023-09-12 08:04:00",262.1,20.34,NaN,NaN,NaN,NaN
"2023-09-12 08:05:00",259.8,20.34,NaN,NaN,NaN,NaN
"2023-09-12 08:06:00",260.9,20.34,NaN,NaN,NaN,NaN
"2023-09-12 08:07:00",246.2,20.33,NaN,NaN,NaN,NaN
"2023-09-12 08:08:00",234.6,20.35,NaN,NaN,NaN,NaN
"2023-09-12 08:09:00",230.4,20.37,NaN,NaN,NaN,NaN
"2023-09-12 08:10:00",220,20.37,NaN,NaN,NaN,NaN
"2023-09-12 08:11:00",212.3,20.37,NaN,NaN,NaN,NaN
"2023-09-12 08:12:00",204.4,20.35,NaN,NaN,NaN,NaN
"2023-09-12 08:13:00",200.9,20.29,NaN,NaN,NaN,NaN
"2023-09-12 08:14:00",199.3,20.27,NaN,NaN,NaN,NaN
"2023-09-12 08:15:00",196.1,20.21,NaN,NaN,NaN,NaN
"2023-09-12 08:16:00",186.7,20.19,NaN,NaN,NaN,NaN
"2023-09-12 08:17:00",182.3,20.18,NaN,NaN,NaN,NaN
"2023-09-12 08:18:00",184.4,20.14,NaN,NaN,NaN,NaN
"2023-09-12 08:19:00",194,20.12,NaN,NaN,NaN,NaN
"2023-09-12 08:20:00",203.4,20.12,NaN,NaN,NaN,NaN
"2023-09-12 08:21:00",209.3,20.15,NaN,NaN,NaN,NaN
"2023-09-12 08:22:00",216.1,20.18,NaN,NaN,NaN,NaN
"2023-09-12 08:23:00",218.2,20.22,NaN,NaN,NaN,NaN
"2023-09-12 08:24:00",263.1,20.27,NaN,NaN,NaN,NaN
"2023-09-12 08:25:00",272.4,20.35,NaN,NaN,NaN,NaN
"2023-09-12 08:26:00",261.3,20.38,NaN,NaN,NaN,NaN
"2023-09-12 08:27:00",258.3,20.45,NaN,NaN,NaN,NaN
"2023-09-12 08:28:00",243.7,20.51,NaN,NaN,NaN,NaN
"2023-09-12 08:29:00",255.3,20.55,NaN,NaN,NaN,NaN
"2023-09-12 08:30:00",250.3,20.56,101275,100,2.85608,191.339
"2023-09-12 08:31:00",280.7,20.54,NaN,NaN,NaN,NaN
"2023-09-12 08:32:00",360.4,20.58,NaN,NaN,NaN,NaN
"2023-09-12 08:33:00",351.1,20.6,NaN,NaN,NaN,NaN
"2023-09-12 08:34:00",497.5,20.69,NaN,NaN,NaN,NaN
"2023-09-12 08:35:00",405.2,20.79,NaN,NaN,NaN,NaN
"2023-09-12 08:36:00",393.7,20.82,NaN,NaN,NaN,NaN
"2023-09-12 08:37:00",542.8,20.9,NaN,NaN,NaN,NaN
"2023-09-12 08:38:00",497,20.94,NaN,NaN,NaN,NaN
"2023-09-12 08:39:00",354.9,20.96,NaN,NaN,NaN,NaN
"2023-09-12 08:40:00",319.7,20.94,NaN,NaN,NaN,NaN
"2023-09-12 08:41:00",432.9,20.97,NaN,NaN,NaN,NaN
"2023-09-12 08:42:00",546,21.05,NaN,NaN,NaN,NaN
"2023-09-12 08:43:00",537.9,21.17,NaN,NaN,NaN,NaN
"2023-09-12 08:44:00",342.8,21.17,NaN,NaN,NaN,NaN
"2023-09-12 08:45:00",377.8,21.18,NaN,NaN,NaN,NaN
"2023-09-12 08:46:00",355.3,21.22,NaN,NaN,NaN,NaN
"2023-09-12 08:47:00",278.9,21.22,NaN,NaN,NaN,NaN
"2023-09-12 08:48:00",341.4,21.28,NaN,NaN,NaN,NaN
"2023-09-12 08:49:00",295.3,21.35,NaN,NaN,NaN,NaN
"2023-09-12 08:50:00",219.4,21.36,NaN,NaN,NaN,NaN
"2023-09-12 08:51:00",190.9,21.27,NaN,NaN,NaN,NaN
"2023-09-12 08:52:00",190.2,21.21,NaN,NaN,NaN,NaN
"2023-09-12 08:53:00",192.8,21.15,NaN,NaN,NaN,NaN
"2023-09-12 08:54:00",202.9,21.13,NaN,NaN,NaN,NaN
"2023-09-12 08:55:00",218.2,21.12,NaN,NaN,NaN,NaN
"2023-09-12 08:56:00",236.5,21.11,NaN,NaN,NaN,NaN
"2023-09-12 08:57:00",252,21.05,NaN,NaN,NaN,NaN
"2023-09-12 08:58:00",255.4,21.04,NaN,NaN,NaN,NaN
"2023-09-12 08:59:00",256.5,21.03,NaN,NaN,NaN,NaN
"2023-09-12 09:00:00",253.8,21.03,101275,100,2.77858,208.536
"2023-09-12 09:01:00",242.8,21.02,NaN,NaN,NaN,NaN
"2023-09-12 09:02:00",236,21.03,NaN,NaN,NaN,NaN
"2023-09-12 09:03:00",232.4,21.03,NaN,NaN,NaN,NaN
"2023-09-12 09:04:00",232.4,21.06,NaN,NaN,NaN,NaN
"2023-09-12 09:05:00",225.6,21.11,NaN,NaN,NaN,NaN
"2023-09-12 09:06:00",222.5,21.12,NaN,NaN,NaN,NaN
"2023-09-12 09:07:00",241.2,21.13,NaN,NaN,NaN,NaN
"2023-09-12 09:08:00",232.1,21.16,NaN,NaN,NaN,NaN
"2023-09-12 09:09:00",231.4,21.19,NaN,NaN,NaN,NaN
"2023-09-12 09:10:00",230.1,21.19,NaN,NaN,NaN,NaN
"2023-09-12 09:11:00",226.2,21.18,NaN,NaN,NaN,NaN
"2023-09-12 09:12:00",223.9,21.14,NaN,NaN,NaN,NaN
"2023-09-12 09:13:00",219.4,21.11,NaN,NaN,NaN,NaN
"2023-09-12 09:14:00",207.8,21.11,NaN,NaN,NaN,NaN
"2023-09-12 09:15:00",193.3,21.1,NaN,NaN,NaN,NaN
"2023-09-12 09:16:00",182.6,21.07,NaN,NaN,NaN,NaN
"2023-09-12 09:17:00",179.2,21.08,NaN,NaN,NaN,NaN
"2023-09-12 09:18:00",181.1,21.08,NaN,NaN,NaN,NaN
"2023-09-12 09:19:00",189.6,21.05,NaN,NaN,NaN,NaN
"2023-09-12 09:20:00",204.3,21.04,NaN,NaN,NaN,NaN
"2023-09-12 09:21:00",230.7,21.05,NaN,NaN,NaN,NaN
"2023-09-12 09:22:00",297.2,21.12,NaN,NaN,NaN,NaN
"2023-09-12 09:23:00",313.5,21.19,NaN,NaN,NaN,NaN
"2023-09-12 09:24:00",288.8,21.25,NaN,NaN,NaN,NaN
"2023-09-12 09:25:00",285.4,21.29,NaN,NaN,NaN,NaN
"2023-09-12 09:26:00",327.8,21.36,NaN,NaN,NaN,NaN
"2023-09-12 09:27:00",464.9,21.47,NaN,NaN,NaN,NaN
"2023-09-12 09:28:00",308.3,21.54,NaN,NaN,NaN,NaN
"2023-09-12 09:29:00",294.1,21.6,NaN,NaN,NaN,NaN
"2023-09-12 09:30:00",299.8,21.67,101275,100,1.99463,206.169
"2023-09-12 09:31:00",313.4,21.73,NaN,NaN,NaN,NaN
"2023-09-12 09:32:00",294.8,21.77,NaN,NaN,NaN,NaN
"2023-09-12 09:33:00",291.7,21.77,NaN,NaN,NaN,NaN
"2023-09-12 09:34:00",293.8,21.77,NaN,NaN,NaN,NaN
"2023-09-12 09:35:00",327.3,21.78,NaN,NaN,NaN,NaN
"2023-09-12 09:36:00",349.9,21.82,NaN,NaN,NaN,NaN
"2023-09-12 09:37:00",304.8,21.83,NaN,NaN,NaN,NaN
"2023-09-12 09:38:00",301,21.84,NaN,NaN,NaN,NaN
"2023-09-12 09:39:00",305.1,21.84,NaN,NaN,NaN,NaN
"2023-09-12 09:40:00",315.9,21.84,NaN,NaN,NaN,NaN
"2023-09-12 09:41:00",336.2,21.84,NaN,NaN,NaN,NaN
"2023-09-12 09:42:00",364.5,21.89,NaN,NaN,NaN,NaN
"2023-09-12 09:43:00",402,21.92,NaN,NaN,NaN,NaN
"2023-09-12 09:44:00",483.1,21.97,NaN,NaN,NaN,NaN
"2023-09-12 09:45:00",504.3,22.04,NaN,NaN,NaN,NaN
"2023-09-12 09:46:00",450.9,22.09,NaN,NaN,NaN,NaN
"2023-09-12 09:47:00",457.5,22.1,NaN,NaN,NaN,NaN
"2023-09-12 09:48:00",436.9,22.15,NaN,NaN,NaN,NaN
"2023-09-12 09:49:00",421.8,22.25,NaN,NaN,NaN,NaN
"2023-09-12 09:50:00",413.3,22.32,NaN,NaN,NaN,NaN
"2023-09-12 09:51:00",417.3,22.32,NaN,NaN,NaN,NaN
"2023-09-12 09:52:00",424.6,22.39,NaN,NaN,NaN,NaN
"2023-09-12 09:53:00",433.2,22.41,NaN,NaN,NaN,NaN
"2023-09-12 09:54:00",439.3,22.46,NaN,NaN,NaN,NaN
"2023-09-12 09:55:00",529.8,22.53,NaN,NaN,NaN,NaN
"2023-09-12 09:56:00",500.4,22.59,NaN,NaN,NaN,NaN
"2023-09-12 09:57:00",643.7,22.69,NaN,NaN,NaN,NaN
"2023-09-12 09:58:00",844,22.81,NaN,NaN,NaN,NaN
"2023-09-12 09:59:00",760.2,22.99,NaN,NaN,NaN,NaN
"2023-09-12 10:00:00",541.3,23.02,101275,100,1.98452,206.315
"2023-09-12 10:01:00",588.8,23.1,NaN,NaN,NaN,NaN
"2023-09-12 10:02:00",605.9,23.15,NaN,NaN,NaN,NaN
"2023-09-12 10:03:00",541.1,23.21,NaN,NaN,NaN,NaN
"2023-09-12 10:04:00",547.4,23.25,NaN,NaN,NaN,NaN
"2023-09-12 10:05:00",870,23.4,NaN,NaN,NaN,NaN
"2023-09-12 10:06:00",661.5,23.51,NaN,NaN,NaN,NaN
"2023-09-12 10:07:00",642.2,23.57,NaN,NaN,NaN,NaN
"2023-09-12 10:08:00",447.1,23.52,NaN,NaN,NaN,NaN
"2023-09-12 10:09:00",425.1,23.57,NaN,NaN,NaN,NaN
"2023-09-12 10:10:00",408.2,23.61,NaN,NaN,NaN,NaN
"2023-09-12 10:11:00",381,23.64,NaN,NaN,NaN,NaN
"2023-09-12 10:12:00",398.3,23.67,NaN,NaN,NaN,NaN
"2023-09-12 10:13:00",515.7,23.65,NaN,NaN,NaN,NaN
"2023-09-12 10:14:00",504,23.63,NaN,NaN,NaN,NaN
"2023-09-12 10:15:00",421.1,23.59,NaN,NaN,NaN,NaN
"2023-09-12 10:16:00",371.8,23.58,NaN,NaN,NaN,NaN
"2023-09-12 10:17:00",325.6,23.55,NaN,NaN,NaN,NaN
"2023-09-12 10:18:00",295.8,23.44,NaN,NaN,NaN,NaN
"2023-09-12 10:19:00",300.4,23.38,NaN,NaN,NaN,NaN
"2023-09-12 10:20:00",316.3,23.3,NaN,NaN,NaN,NaN
"2023-09-12 10:21:00",336.7,23.2,NaN,NaN,NaN,NaN
"2023-09-12 10:22:00",341.4,23.11,NaN,NaN,NaN,NaN
"2023-09-12 10:23:00",315.3,23.05,NaN,NaN,NaN,NaN
"2023-09-12 10:24:00",287.2,22.98,NaN,NaN,NaN,NaN
"2023-09-12 10:25:00",359.9,22.98,NaN,NaN,NaN,NaN
"2023-09-12 10:26:00",376.4,22.98,NaN,NaN,NaN,NaN
"2023-09-12 10:27:00",309.8,22.92,NaN,NaN,NaN,NaN
"2023-09-12 10:28:00",309.1,22.88,NaN,NaN,NaN,NaN
"2023-09-12 10:29:00",352.8,22.85,NaN,NaN,NaN,NaN
"2023-09-12 10:30:00",324.1,22.86,101275,100,2.14754,226.253
"2023-09-12 10:31:00",268.1,22.79,NaN,NaN,NaN,NaN
"2023-09-12 10:32:00",276.4,22.71,NaN,NaN,NaN,NaN
"2023-09-12 10:33:00",286.2,22.65,NaN,NaN,NaN,NaN
"2023-09-12 10:34:00",294.3,22.59,NaN,NaN,NaN,NaN
"2023-09-12 10:35:00",303.5,22.55,NaN,NaN,NaN,NaN
"2023-09-12 10:36:00",295.4,22.54,NaN,NaN,NaN,NaN
"2023-09-12 10:37:00",283.9,22.54,NaN,NaN,NaN,NaN
"2023-09-12 10:38:00",269.6,22.54,NaN,NaN,NaN,NaN
"2023-09-12 10:39:00",259.1,22.54,NaN,NaN,NaN,NaN
"2023-09-12 10:40:00",254.5,22.55,NaN,NaN,NaN,NaN
"2023-09-12 10:41:00",255.1,22.61,NaN,NaN,NaN,NaN
"2023-09-12 10:42:00",260.8,22.64,NaN,NaN,NaN,NaN
"2023-09-12 10:43:00",266.3,22.67,NaN,NaN,NaN,NaN
"2023-09-12 10:44:00",272.9,22.71,NaN,NaN,NaN,NaN
"2023-09-12 10:45:00",282.3,22.72,NaN,NaN,NaN,NaN
"2023-09-12 10:46:00",290.4,22.72,NaN,NaN,NaN,NaN
"2023-09-12 10:47:00",299,22.73,NaN,NaN,NaN,NaN
"2023-09-12 10:48:00",305.3,22.71,NaN,NaN,NaN,NaN
"2023-09-12 10:49:00",311.6,22.74,NaN,NaN,NaN,NaN
"2023-09-12 10:50:00",319.3,22.74,NaN,NaN,NaN,NaN
"2023-09-12 10:51:00",327.8,22.76,NaN,NaN,NaN,NaN
"2023-09-12 10:52:00",340.7,22.79,NaN,NaN,NaN,NaN
"2023-09-12 10:53:00",359.5,22.79,NaN,NaN,NaN,NaN
"2023-09-12 10:54:00",346.7,22.84,NaN,NaN,NaN,NaN
"2023-09-12 10:55:00",333.7,22.86,NaN,NaN,NaN,NaN
"2023-09-12 10:56:00",330,22.85,NaN,NaN,NaN,NaN
"2023-09-12 10:57:00",332,22.84,NaN,NaN,NaN,NaN
"2023-09-12 10:58:00",327.2,22.85,NaN,NaN,NaN,NaN
"2023-09-12 10:59:00",329.7,22.88,NaN,NaN,NaN,NaN
"2023-09-12 11:00:00",331.3,22.89,101275,100,2.74198,233.776
"2023-09-12 11:01:00",320.3,22.94,NaN,NaN,NaN,NaN
"2023-09-12 11:02:00",307,22.97,NaN,NaN,NaN,NaN
"2023-09-12 11:03:00",302.5,22.97,NaN,NaN,NaN,NaN
"2023-09-12 11:04:00",305.8,22.97,NaN,NaN,NaN,NaN
"2023-09-12 11:05:00",318.9,23.01,NaN,NaN,NaN,NaN
"2023-09-12 11:06:00",340.1,23.03,NaN,NaN,NaN,NaN
"2023-09-12 11:07:00",358.8,23.06,NaN,NaN,NaN,NaN
"2023-09-12 11:08:00",353.8,23.12,NaN,NaN,NaN,NaN
"2023-09-12 11:09:00",341.3,23.13,NaN,NaN,NaN,NaN
"2023-09-12 11:10:00",323.1,23.13,NaN,NaN,NaN,NaN
"2023-09-12 11:11:00",320.3,23.13,NaN,NaN,NaN,NaN
"2023-09-12 11:12:00",325.1,23.15,NaN,NaN,NaN,NaN
"2023-09-12 11:13:00",327.1,23.2,NaN,NaN,NaN,NaN
"2023-09-12 11:14:00",335.9,23.23,NaN,NaN,NaN,NaN
"2023-09-12 11:15:00",330.8,23.3,NaN,NaN,NaN,NaN
"2023-09-12 11:16:00",315.7,23.31,NaN,NaN,NaN,NaN
"2023-09-12 11:17:00",296.8,23.32,NaN,NaN,NaN,NaN
"2023-09-12 11:18:00",341.2,23.34,NaN,NaN,NaN,NaN
"2023-09-12 11:19:00",439.3,23.45,NaN,NaN,NaN,NaN
"2023-09-12 11:20:00",321,23.54,NaN,NaN,NaN,NaN
"2023-09-12 11:21:00",293.6,23.55,NaN,NaN,NaN,NaN
"2023-09-12 11:22:00",272.8,23.54,NaN,NaN,NaN,NaN
"2023-09-12 11:23:00",258.3,23.53,NaN,NaN,NaN,NaN
"2023-09-12 11:24:00",254.9,23.48,NaN,NaN,NaN,NaN
"2023-09-12 11:25:00",244.2,23.4,NaN,NaN,NaN,NaN
"2023-09-12 11:26:00",226.3,23.36,NaN,NaN,NaN,NaN
"2023-09-12 11:27:00",205.8,23.31,NaN,NaN,NaN,NaN
"2023-09-12 11:28:00",205.9,23.27,NaN,NaN,NaN,NaN
"2023-09-12 11:29:00",225,23.23,NaN,NaN,NaN,NaN
"2023-09-12 11:30:00",227.6,23.2,101275,100,1.69878,228.335
"2023-09-12 11:31:00",202,23.18,NaN,NaN,NaN,NaN
"2023-09-12 11:32:00",160.6,23.15,NaN,NaN,NaN,NaN
"2023-09-12 11:33:00",127.9,23.11,NaN,NaN,NaN,NaN
"2023-09-12 11:34:00",116.3,23.06,NaN,NaN,NaN,NaN
"2023-09-12 11:35:00",120.4,23.03,NaN,NaN,NaN,NaN
"2023-09-12 11:36:00",127.1,23,NaN,NaN,NaN,NaN
"2023-09-12 11:37:00",129.1,22.98,NaN,NaN,NaN,NaN
"2023-09-12 11:38:00",132.7,22.95,NaN,NaN,NaN,NaN
"2023-09-12 11:39:00",140.6,22.95,NaN,NaN,NaN,NaN
"2023-09-12 11:40:00",153.2,22.9,NaN,NaN,NaN,NaN
"2023-09-12 11:41:00",171.6,22.87,NaN,NaN,NaN,NaN
"2023-09-12 11:42:00",199.4,22.87,NaN,NaN,NaN,NaN
"2023-09-12 11:43:00",208.1,22.86,NaN,NaN,NaN,NaN
"2023-09-12 11:44:00",275.1,22.87,NaN,NaN,NaN,NaN
"2023-09-12 11:45:00",220.7,22.87,NaN,NaN,NaN,NaN
"2023-09-12 11:46:00",219,22.89,NaN,NaN,NaN,NaN
"2023-09-12 11:47:00",215.9,22.92,NaN,NaN,NaN,NaN
"2023-09-12 11:48:00",213.3,22.95,NaN,NaN,NaN,NaN
"2023-09-12 11:49:00",220,22.97,NaN,NaN,NaN,NaN
"2023-09-12 11:50:00",250.5,22.96,NaN,NaN,NaN,NaN
"2023-09-12 11:51:00",308.2,22.99,NaN,NaN,NaN,NaN
"2023-09-12 11:52:00",358.4,23.03,NaN,NaN,NaN,NaN
"2023-09-12 11:53:00",441.8,23.09,NaN,NaN,NaN,NaN
"2023-09-12 11:54:00",598.5,23.17,NaN,NaN,NaN,NaN
"2023-09-12 11:55:00",628.2,23.37,NaN,NaN,NaN,NaN
"2023-09-12 11:56:00",406.7,23.41,NaN,NaN,NaN,NaN
"2023-09-12 11:57:00",512.2,23.48,NaN,NaN,NaN,NaN
"2023-09-12 11:58:00",550.3,23.54,NaN,NaN,NaN,NaN
"2023-09-12 11:59:00",604.5,23.59,NaN,NaN,NaN,NaN
"2023-09-12 12:00:00",408.1,23.63,101275,100,1.99421,231.448
"2023-09-12 12:01:00",382.1,23.62,NaN,NaN,NaN,NaN
"2023-09-12 12:02:00",322.1,23.62,NaN,NaN,NaN,NaN
"2023-09-12 12:03:00",270.5,23.62,NaN,NaN,NaN,NaN
"2023-09-12 12:04:00",245.1,23.61,NaN,NaN,NaN,NaN
"2023-09-12 12:05:00",226.5,23.57,NaN,NaN,NaN,NaN
"2023-09-12 12:06:00",216.1,23.54,NaN,NaN,NaN,NaN
"2023-09-12 12:07:00",215,23.53,NaN,NaN,NaN,NaN
"2023-09-12 12:08:00",226.2,23.52,NaN,NaN,NaN,NaN
"2023-09-12 12:09:00",242.5,23.53,NaN,NaN,NaN,NaN
"2023-09-12 12:10:00",272.3,23.55,NaN,NaN,NaN,NaN
"2023-09-12 12:11:00",380.7,23.6,NaN,NaN,NaN,NaN
"2023-09-12 12:12:00",332.5,23.62,NaN,NaN,NaN,NaN
"2023-09-12 12:13:00",351.5,23.62,NaN,NaN,NaN,NaN
"2023-09-12 12:14:00",360.7,23.68,NaN,NaN,NaN,NaN
"2023-09-12 12:15:00",336.2,23.68,NaN,NaN,NaN,NaN
"2023-09-12 12:16:00",337.3,23.69,NaN,NaN,NaN,NaN
"2023-09-12 12:17:00",348.3,23.73,NaN,NaN,NaN,NaN
"2023-09-12 12:18:00",331.7,23.76,NaN,NaN,NaN,NaN
"2023-09-12 12:19:00",313.9,23.79,NaN,NaN,NaN,NaN
"2023-09-12 12:20:00",304.3,23.79,NaN,NaN,NaN,NaN
"2023-09-12 12:21:00",304.7,23.79,NaN,NaN,NaN,NaN
"2023-09-12 12:22:00",293.6,23.77,NaN,NaN,NaN,NaN
"2023-09-12 12:23:00",285.7,23.76,NaN,NaN,NaN,NaN
"2023-09-12 12:24:00",277.4,23.71,NaN,NaN,NaN,NaN
"2023-09-12 12:25:00",265.7,23.67,NaN,NaN,NaN,NaN
"2023-09-12 12:26:00",258,23.68,NaN,NaN,NaN,NaN
"2023-09-12 12:27:00",254.4,23.61,NaN,NaN,NaN,NaN
"2023-09-12 12:28:00",250.1,23.59,NaN,NaN,NaN,NaN
"2023-09-12 12:29:00",252.7,23.52,NaN,NaN,NaN,NaN
"2023-09-12 12:30:00",259.6,23.51,101275,99.7217,2.1309,210.274
"2023-09-12 12:31:00",256.8,23.52,NaN,NaN,NaN,NaN
"2023-09-12 12:32:00",242.6,23.51,NaN,NaN,NaN,NaN
"2023-09-12 12:33:00",237.4,23.49,NaN,NaN,NaN,NaN
"2023-09-12 12:34:00",263.2,23.49,NaN,NaN,NaN,NaN
"2023-09-12 12:35:00",265.7,23.48,NaN,NaN,NaN,NaN
"2023-09-12 12:36:00",279.4,23.49,NaN,NaN,NaN,NaN
"2023-09-12 12:37:00",356.7,23.51,NaN,NaN,NaN,NaN
"2023-09-12 12:38:00",367.5,23.57,NaN,NaN,NaN,NaN
"2023-09-12 12:39:00",260,23.58,NaN,NaN,NaN,NaN
"2023-09-12 12:40:00",226.3,23.6,NaN,NaN,NaN,NaN
"2023-09-12 12:41:00",192.2,23.61,NaN,NaN,NaN,NaN
"2023-09-12 12:42:00",171.5,23.58,NaN,NaN,NaN,NaN
"2023-09-12 12:43:00",163.9,23.55,NaN,NaN,NaN,NaN
"2023-09-12 12:44:00",165.6,23.51,NaN,NaN,NaN,NaN
"2023-09-12 12:45:00",171.1,23.5,NaN,NaN,NaN,NaN
"2023-09-12 12:46:00",176.2,23.48,NaN,NaN,NaN,NaN
"2023-09-12 12:47:00",176.4,23.43,NaN,NaN,NaN,NaN
"2023-09-12 12:48:00",173.4,23.4,NaN,NaN,NaN,NaN
"2023-09-12 12:49:00",167.3,23.35,NaN,NaN,NaN,NaN
"2023-09-12 12:50:00",168.2,23.31,NaN,NaN,NaN,NaN
"2023-09-12 12:51:00",175.3,23.28,NaN,NaN,NaN,NaN
"2023-09-12 12:52:00",177.5,23.24,NaN,NaN,NaN,NaN
"2023-09-12 12:53:00",173.1,23.18,NaN,NaN,NaN,NaN
"2023-09-12 12:54:00",172.5,23.15,NaN,NaN,NaN,NaN
"2023-09-12 12:55:00",171.2,23.11,NaN,NaN,NaN,NaN
"2023-09-12 12:56:00",168,23.1,NaN,NaN,NaN,NaN
"2023-09-12 12:57:00",170.6,23.1,NaN,NaN,NaN,NaN
"2023-09-12 12:58:00",180.2,23.1,NaN,NaN,NaN,NaN
"2023-09-12 12:59:00",193.4,23.1,NaN,NaN,NaN,NaN
"2023-09-12 13:00:00",206,23.11,101275,98.8224,2.32868,228.087
"2023-09-12 13:01:00",220.3,23.12,NaN,NaN,NaN,NaN
"2023-09-12 13:02:00",232.5,23.16,NaN,NaN,NaN,NaN
"2023-09-12 13:03:00",241.3,23.19,NaN,NaN,NaN,NaN
"2023-09-12 13:04:00",245.4,23.26,NaN,NaN,NaN,NaN
"2023-09-12 13:05:00",239,23.28,NaN,NaN,NaN,NaN
"2023-09-12 13:06:00",220,23.32,NaN,NaN,NaN,NaN
"2023-09-12 13:07:00",204,23.35,NaN,NaN,NaN,NaN
"2023-09-12 13:08:00",197.9,23.34,NaN,NaN,NaN,NaN
"2023-09-12 13:09:00",198.9,23.34,NaN,NaN,NaN,NaN
"2023-09-12 13:10:00",207.1,23.34,NaN,NaN,NaN,NaN
"2023-09-12 13:11:00",226.5,23.36,NaN,NaN,NaN,NaN
"2023-09-12 13:12:00",283.9,23.37,NaN,NaN,NaN,NaN
"2023-09-12 13:13:00",304,23.4,NaN,NaN,NaN,NaN
"2023-09-12 13:14:00",307.6,23.44,NaN,NaN,NaN,NaN
"2023-09-12 13:15:00",314.6,23.46,NaN,NaN,NaN,NaN
"2023-09-12 13:16:00",264.4,23.48,NaN,NaN,NaN,NaN
"2023-09-12 13:17:00",234.5,23.5,NaN,NaN,NaN,NaN
"2023-09-12 13:18:00",223.6,23.51,NaN,NaN,NaN,NaN
"2023-09-12 13:19:00",198.5,23.5,NaN,NaN,NaN,NaN
"2023-09-12 13:20:00",198.4,23.51,NaN,NaN,NaN,NaN
"2023-09-12 13:21:00",201.4,23.52,NaN,NaN,NaN,NaN
"2023-09-12 13:22:00",200.8,23.51,NaN,NaN,NaN,NaN
"2023-09-12 13:23:00",192,23.51,NaN,NaN,NaN,NaN
"2023-09-12 13:24:00",171.9,23.52,NaN,NaN,NaN,NaN
"2023-09-12 13:25:00",147.2,23.53,NaN,NaN,NaN,NaN
"2023-09-12 13:26:00",124.8,23.56,NaN,NaN,NaN,NaN
"2023-09-12 13:27:00",105.9,23.53,NaN,NaN,NaN,NaN
"2023-09-12 13:28:00",93.7,23.51,NaN,NaN,NaN,NaN
"2023-09-12 13:29:00",86,23.5,NaN,NaN,NaN,NaN
"2023-09-12 13:30:00",81.9,23.49,101275,99.1117,1.48313,219.086
"2023-09-12 13:31:00",77.1,23.48,NaN,NaN,NaN,NaN
"2023-09-12 13:32:00",72.87,23.42,NaN,NaN,NaN,NaN
"2023-09-12 13:33:00",69.66,23.34,NaN,NaN,NaN,NaN
"2023-09-12 13:34:00",65.93,23.27,NaN,NaN,NaN,NaN
"2023-09-12 13:35:00",64.19,23.18,NaN,NaN,NaN,NaN
"2023-09-12 13:36:00",61.45,23.05,NaN,NaN,NaN,NaN
"2023-09-12 13:37:00",59.24,22.94,NaN,NaN,NaN,NaN
"2023-09-12 13:38:00",55.78,22.83,NaN,NaN,NaN,NaN
"2023-09-12 13:39:00",54.47,22.78,NaN,NaN,NaN,NaN
"2023-09-12 13:40:00",50.52,22.74,NaN,NaN,NaN,NaN
"2023-09-12 13:41:00",49.28,22.74,NaN,NaN,NaN,NaN
"2023-09-12 13:42:00",47.75,22.64,NaN,NaN,NaN,NaN
"2023-09-12 13:43:00",48.64,22.5,NaN,NaN,NaN,NaN
"2023-09-12 13:44:00",48.5,22.3,NaN,NaN,NaN,NaN
"2023-09-12 13:45:00",47.82,22.17,NaN,NaN,NaN,NaN
"2023-09-12 13:46:00",48.49,22.02,NaN,NaN,NaN,NaN
"2023-09-12 13:47:00",51.52,21.88,NaN,NaN,NaN,NaN
"2023-09-12 13:48:00",55.53,21.76,NaN,NaN,NaN,NaN
"2023-09-12 13:49:00",58.32,21.63,NaN,NaN,NaN,NaN
"2023-09-12 13:50:00",60.65,21.53,NaN,NaN,NaN,NaN
"2023-09-12 13:51:00",59.55,21.44,NaN,NaN,NaN,NaN
"2023-09-12 13:52:00",55.27,21.38,NaN,NaN,NaN,NaN
"2023-09-12 13:53:00",49.19,21.33,NaN,NaN,NaN,NaN
"2023-09-12 13:54:00",42.3,21.27,NaN,NaN,NaN,NaN
"2023-09-12 13:55:00",37.57,21.19,NaN,NaN,NaN,NaN
"2023-09-12 13:56:00",33.97,21.11,NaN,NaN,NaN,NaN
"2023-09-12 13:57:00",31.86,21.07,NaN,NaN,NaN,NaN
"2023-09-12 13:58:00",30.75,21.03,NaN,NaN,NaN,NaN
"2023-09-12 13:59:00",30.15,21,NaN,NaN,NaN,NaN
"2023-09-12 14:00:00",30.67,20.97,101275,94.8779,2.51473,156.25
"2023-09-12 14:01:00",30.32,20.94,NaN,NaN,NaN,NaN
"2023-09-12 14:02:00",29.34,20.92,NaN,NaN,NaN,NaN
"2023-09-12 14:03:00",28.83,20.86,NaN,NaN,NaN,NaN
"2023-09-12 14:04:00",28.67,20.86,NaN,NaN,NaN,NaN
"2023-09-12 14:05:00",28.8,20.84,NaN,NaN,NaN,NaN
"2023-09-12 14:06:00",29.48,20.85,NaN,NaN,NaN,NaN
"2023-09-12 14:07:00",30.15,20.86,NaN,NaN,NaN,NaN
"2023-09-12 14:08:00",31.56,20.87,NaN,NaN,NaN,NaN
"2023-09-12 14:09:00",32.84,20.88,NaN,NaN,NaN,NaN
"2023-09-12 14:10:00",37.59,20.87,NaN,NaN,NaN,NaN
"2023-09-12 14:11:00",44.44,20.88,NaN,NaN,NaN,NaN
"2023-09-12 14:12:00",55.68,20.89,NaN,NaN,NaN,NaN
"2023-09-12 14:13:00",66.61,20.92,NaN,NaN,NaN,NaN
"2023-09-12 14:14:00",73.32,20.96,NaN,NaN,NaN,NaN
"2023-09-12 14:15:00",80.2,20.99,NaN,NaN,NaN,NaN
"2023-09-12 14:16:00",86.7,21.03,NaN,NaN,NaN,NaN
"2023-09-12 14:17:00",96.2,21.08,NaN,NaN,NaN,NaN
"2023-09-12 14:18:00",105.5,21.1,NaN,NaN,NaN,NaN
"2023-09-12 14:19:00",116.3,21.15,NaN,NaN,NaN,NaN
"2023-09-12 14:20:00",128.1,21.2,NaN,NaN,NaN,NaN
"2023-09-12 14:21:00",137.5,21.22,NaN,NaN,NaN,NaN
"2023-09-12 14:22:00",149.1,21.27,NaN,NaN,NaN,NaN
"2023-09-12 14:23:00",166.9,21.29,NaN,NaN,NaN,NaN
"2023-09-12 14:24:00",183.6,21.36,NaN,NaN,NaN,NaN
"2023-09-12 14:25:00",197.2,21.39,NaN,NaN,NaN,NaN
"2023-09-12 14:26:00",201.9,21.45,NaN,NaN,NaN,NaN
"2023-09-12 14:27:00",198.3,21.5,NaN,NaN,NaN,NaN
"2023-09-12 14:28:00",183.9,21.53,NaN,NaN,NaN,NaN
"2023-09-12 14:29:00",167.2,21.55,NaN,NaN,NaN,NaN
"2023-09-12 14:30:00",158.1,21.6,101275,100,3.10602,178.856
"2023-09-12 14:31:00",159,21.61,NaN,NaN,NaN,NaN
"2023-09-12 14:32:00",170.8,21.64,NaN,NaN,NaN,NaN
"2023-09-12 14:33:00",201.5,21.68,NaN,NaN,NaN,NaN
"2023-09-12 14:34:00",206.4,21.72,NaN,NaN,NaN,NaN
"2023-09-12 14:35:00",206.8,21.79,NaN,NaN,NaN,NaN
"2023-09-12 14:36:00",199.8,21.82,NaN,NaN,NaN,NaN
"2023-09-12 14:37:00",187.4,21.88,NaN,NaN,NaN,NaN
"2023-09-12 14:38:00",177.5,21.88,NaN,NaN,NaN,NaN
"2023-09-12 14:39:00",170.8,21.89,NaN,NaN,NaN,NaN
"2023-09-12 14:40:00",168.4,21.91,NaN,NaN,NaN,NaN
"2023-09-12 14:41:00",168,21.95,NaN,NaN,NaN,NaN
"2023-09-12 14:42:00",167.6,21.97,NaN,NaN,NaN,NaN
"2023-09-12 14:43:00",166.7,22.01,NaN,NaN,NaN,NaN
"2023-09-12 14:44:00",163.3,22.04,NaN,NaN,NaN,NaN
"2023-09-12 14:45:00",155.1,22.06,NaN,NaN,NaN,NaN
"2023-09-12 14:46:00",145.9,22.08,NaN,NaN,NaN,NaN
"2023-09-12 14:47:00",140.1,22.11,NaN,NaN,NaN,NaN
"2023-09-12 14:48:00",138.4,22.12,NaN,NaN,NaN,NaN
"2023-09-12 14:49:00",139.6,22.12,NaN,NaN,NaN,NaN
"2023-09-12 14:50:00",144.7,22.13,NaN,NaN,NaN,NaN
"2023-09-12 14:51:00",147,22.14,NaN,NaN,NaN,NaN
"2023-09-12 14:52:00",140.1,22.18,NaN,NaN,NaN,NaN
"2023-09-12 14:53:00",128.4,22.21,NaN,NaN,NaN,NaN
"2023-09-12 14:54:00",118.7,22.24,NaN,NaN,NaN,NaN
"2023-09-12 14:55:00",112.5,22.27,NaN,NaN,NaN,NaN
"2023-09-12 14:56:00",103.6,22.26,NaN,NaN,NaN,NaN
"2023-09-12 14:57:00",92.6,22.27,NaN,NaN,NaN,NaN
"2023-09-12 14:58:00",80.7,22.27,NaN,NaN,NaN,NaN
"2023-09-12 14:59:00",73.72,22.27,NaN,NaN,NaN,NaN
"2023-09-12 15:00:00",70.14,22.28,101275,100,2.12002,171.878
"2023-09-12 15:01:00",68.69,22.27,NaN,NaN,NaN,NaN
"2023-09-12 15:02:00",69.56,22.28,NaN,NaN,NaN,NaN
"2023-09-12 15:03:00",72.13,22.27,NaN,NaN,NaN,NaN
"2023-09-12 15:04:00",74.13,22.28,NaN,NaN,NaN,NaN
"2023-09-12 15:05:00",77.81,22.28,NaN,NaN,NaN,NaN
"2023-09-12 15:06:00",81,22.27,NaN,NaN,NaN,NaN
"2023-09-12 15:07:00",84.9,22.29,NaN,NaN,NaN,NaN
"2023-09-12 15:08:00",88.6,22.31,NaN,NaN,NaN,NaN
"2023-09-12 15:09:00",91.1,22.35,NaN,NaN,NaN,NaN
"2023-09-12 15:10:00",93.6,22.36,NaN,NaN,NaN,NaN
"2023-09-12 15:11:00",92.7,22.36,NaN,NaN,NaN,NaN
"2023-09-12 15:12:00",93.1,22.38,NaN,NaN,NaN,NaN
"2023-09-12 15:13:00",91.2,22.42,NaN,NaN,NaN,NaN
"2023-09-12 15:14:00",87.1,22.44,NaN,NaN,NaN,NaN
"2023-09-12 15:15:00",84.8,22.44,NaN,NaN,NaN,NaN
"2023-09-12 15:16:00",83.6,22.44,NaN,NaN,NaN,NaN
"2023-09-12 15:17:00",85.7,22.46,NaN,NaN,NaN,NaN
"2023-09-12 15:18:00",92.2,22.46,NaN,NaN,NaN,NaN
"2023-09-12 15:19:00",102.7,22.5,NaN,NaN,NaN,NaN
"2023-09-12 15:20:00",113.3,22.52,NaN,NaN,NaN,NaN
"2023-09-12 15:21:00",117.5,22.53,NaN,NaN,NaN,NaN
"2023-09-12 15:22:00",115.2,22.54,NaN,NaN,NaN,NaN
"2023-09-12 15:23:00",118,22.59,NaN,NaN,NaN,NaN
"2023-09-12 15:24:00",115.2,22.61,NaN,NaN,NaN,NaN
"2023-09-12 15:25:00",115.6,22.64,NaN,NaN,NaN,NaN
"2023-09-12 15:26:00",116.3,22.68,NaN,NaN,NaN,NaN
"2023-09-12 15:27:00",113,22.68,NaN,NaN,NaN,NaN
"2023-09-12 15:28:00",105.6,22.71,NaN,NaN,NaN,NaN
"2023-09-12 15:29:00",95.4,22.73,NaN,NaN,NaN,NaN
"2023-09-12 15:30:00",85.3,22.73,101275,100,1.5772,204.489
"2023-09-12 15:31:00",77.83,22.74,NaN,NaN,NaN,NaN
"2023-09-12 15:32:00",77.41,22.75,NaN,NaN,NaN,NaN
"2023-09-12 15:33:00",81.1,22.75,NaN,NaN,NaN,NaN
"2023-09-12 15:34:00",78.11,22.75,NaN,NaN,NaN,NaN
"2023-09-12 15:35:00",67.05,22.74,NaN,NaN,NaN,NaN
"2023-09-12 15:36:00",53.49,22.72,NaN,NaN,NaN,NaN
"2023-09-12 15:37:00",46.51,22.66,NaN,NaN,NaN,NaN
"2023-09-12 15:38:00",46.5,22.59,NaN,NaN,NaN,NaN
"2023-09-12 15:39:00",48.71,22.55,NaN,NaN,NaN,NaN
"2023-09-12 15:40:00",51.22,22.52,NaN,NaN,NaN,NaN
"2023-09-12 15:41:00",56.34,22.49,NaN,NaN,NaN,NaN
"2023-09-12 15:42:00",62.04,22.47,NaN,NaN,NaN,NaN
"2023-09-12 15:43:00",71.35,22.45,NaN,NaN,NaN,NaN
"2023-09-12 15:44:00",80.1,22.4,NaN,NaN,NaN,NaN
"2023-09-12 15:45:00",87.7,22.41,NaN,NaN,NaN,NaN
"2023-09-12 15:46:00",92.3,22.39,NaN,NaN,NaN,NaN
"2023-09-12 15:47:00",91.4,22.34,NaN,NaN,NaN,NaN
"2023-09-12 15:48:00",89.5,22.32,NaN,NaN,NaN,NaN
"2023-09-12 15:49:00",89,22.32,NaN,NaN,NaN,NaN
"2023-09-12 15:50:00",87.7,22.32,NaN,NaN,NaN,NaN
"2023-09-12 15:51:00",87.4,22.31,NaN,NaN,NaN,NaN
"2023-09-12 15:52:00",88,22.31,NaN,NaN,NaN,NaN
"2023-09-12 15:53:00",86.8,22.32,NaN,NaN,NaN,NaN
"2023-09-12 15:54:00",86.1,22.32,NaN,NaN,NaN,NaN
"2023-09-12 15:55:00",86.1,22.31,NaN,NaN,NaN,NaN
"2023-09-12 15:56:00",82.9,22.26,NaN,NaN,NaN,NaN
"2023-09-12 15:57:00",79.35,22.23,NaN,NaN,NaN,NaN
"2023-09-12 15:58:00",76.7,22.22,NaN,NaN,NaN,NaN
"2023-09-12 15:59:00",75.61,22.23,NaN,NaN,NaN,NaN
"2023-09-12 16:00:00",75.58,22.22,101275,100,1.36305,359.528
"2023-09-12 16:01:00",76.97,22.23,NaN,NaN,NaN,NaN
"2023-09-12 16:02:00",78.8,22.24,NaN,NaN,NaN,NaN
"2023-09-12 16:03:00",79.28,22.3,NaN,NaN,NaN,NaN
"2023-09-12 16:04:00",79.37,22.31,NaN,NaN,NaN,NaN
"2023-09-12 16:05:00",79.48,22.33,NaN,NaN,NaN,NaN
"2023-09-12 16:06:00",78.84,22.37,NaN,NaN,NaN,NaN
"2023-09-12 16:07:00",77.93,22.39,NaN,NaN,NaN,NaN
"2023-09-12 16:08:00",76.84,22.4,NaN,NaN,NaN,NaN
"2023-09-12 16:09:00",76.45,22.4,NaN,NaN,NaN,NaN
"2023-09-12 16:10:00",77.75,22.4,NaN,NaN,NaN,NaN
"2023-09-12 16:11:00",79.82,22.4,NaN,NaN,NaN,NaN
"2023-09-12 16:12:00",82.8,22.4,NaN,NaN,NaN,NaN
"2023-09-12 16:13:00",86.3,22.39,NaN,NaN,NaN,NaN
"2023-09-12 16:14:00",88.2,22.4,NaN,NaN,NaN,NaN
"2023-09-12 16:15:00",90.5,22.41,NaN,NaN,NaN,NaN
"2023-09-12 16:16:00",93.6,22.41,NaN,NaN,NaN,NaN
"2023-09-12 16:17:00",96.4,22.4,NaN,NaN,NaN,NaN
"2023-09-12 16:18:00",98.3,22.37,NaN,NaN,NaN,NaN
"2023-09-12 16:19:00",99.4,22.32,NaN,NaN,NaN,NaN
"2023-09-12 16:20:00",100,22.32,NaN,NaN,NaN,NaN
"2023-09-12 16:21:00",98.7,22.33,NaN,NaN,NaN,NaN
"2023-09-12 16:22:00",97,22.31,NaN,NaN,NaN,NaN
"2023-09-12 16:23:00",93.4,22.26,NaN,NaN,NaN,NaN
"2023-09-12 16:24:00",90.2,22.23,NaN,NaN,NaN,NaN
"2023-09-12 16:25:00",88.9,22.23,NaN,NaN,NaN,NaN
"2023-09-12 16:26:00",87.9,22.22,NaN,NaN,NaN,NaN
"2023-09-12 16:27:00",87.4,22.21,NaN,NaN,NaN,NaN
"2023-09-12 16:28:00",87.8,22.21,NaN,NaN,NaN,NaN
"2023-09-12 16:29:00",86.4,22.2,NaN,NaN,NaN,NaN
"2023-09-12 16:30:00",84.1,22.17,101275,100,2.45283,277.016
"2023-09-12 16:31:00",81.7,22.15,NaN,NaN,NaN,NaN
"2023-09-12 16:32:00",79.16,22.15,NaN,NaN,NaN,NaN
"2023-09-12 16:33:00",76.12,22.13,NaN,NaN,NaN,NaN
"2023-09-12 16:34:00",73.72,22.09,NaN,NaN,NaN,NaN
"2023-09-12 16:35:00",71.9,22.08,NaN,NaN,NaN,NaN
"2023-09-12 16:36:00",70.59,22.07,NaN,NaN,NaN,NaN
"2023-09-12 16:37:00",70.07,22.05,NaN,NaN,NaN,NaN
"2023-09-12 16:38:00",69.85,22.02,NaN,NaN,NaN,NaN
"2023-09-12 16:39:00",70.37,22.01,NaN,NaN,NaN,NaN
"2023-09-12 16:40:00",71.76,21.97,NaN,NaN,NaN,NaN
"2023-09-12 16:41:00",73.43,21.93,NaN,NaN,NaN,NaN
"2023-09-12 16:42:00",75.47,21.91,NaN,NaN,NaN,NaN
"2023-09-12 16:43:00",76.76,21.9,NaN,NaN,NaN,NaN
"2023-09-12 16:44:00",77.62,21.86,NaN,NaN,NaN,NaN
"2023-09-12 16:45:00",77.95,21.85,NaN,NaN,NaN,NaN
"2023-09-12 16:46:00",77.59,21.84,NaN,NaN,NaN,NaN
"2023-09-12 16:47:00",76.33,21.84,NaN,NaN,NaN,NaN
"2023-09-12 16:48:00",74.25,21.84,NaN,NaN,NaN,NaN
"2023-09-12 16:49:00",71.68,21.84,NaN,NaN,NaN,NaN
"2023-09-12 16:50:00",69.4,21.82,NaN,NaN,NaN,NaN
"2023-09-12 16:51:00",67.73,21.77,NaN,NaN,NaN,NaN
"2023-09-12 16:52:00",65.2,21.77,NaN,NaN,NaN,NaN
"2023-09-12 16:53:00",61.08,21.78,NaN,NaN,NaN,NaN
"2023-09-12 16:54:00",57.41,21.75,NaN,NaN,NaN,NaN
"2023-09-12 16:55:00",53.44,21.77,NaN,NaN,NaN,NaN
"2023-09-12 16:56:00",51.36,21.77,NaN,NaN,NaN,NaN
"2023-09-12 16:57:00",50.79,21.77,NaN,NaN,NaN,NaN
"2023-09-12 16:58:00",50.78,21.77,NaN,NaN,NaN,NaN
"2023-09-12 16:59:00",51.14,21.78,NaN,NaN,NaN,NaN
"2023-09-12 17:00:00",51.26,21.78,101275,100,3.13656,290.044
"2023-09-12 17:01:00",50.69,21.76,NaN,NaN,NaN,NaN
"2023-09-12 17:02:00",51.83,21.77,NaN,NaN,NaN,NaN
"2023-09-12 17:03:00",52.21,21.77,NaN,NaN,NaN,NaN
"2023-09-12 17:04:00",52.24,21.73,NaN,NaN,NaN,NaN
"2023-09-12 17:05:00",51.9,21.71,NaN,NaN,NaN,NaN
"2023-09-12 17:06:00",49.94,21.7,NaN,NaN,NaN,NaN
"2023-09-12 17:07:00",48,21.68,NaN,NaN,NaN,NaN
"2023-09-12 17:08:00",46.53,21.63,NaN,NaN,NaN,NaN
"2023-09-12 17:09:00",44.94,21.61,NaN,NaN,NaN,NaN
"2023-09-12 17:10:00",43.48,21.58,NaN,NaN,NaN,NaN
"2023-09-12 17:11:00",42.81,21.55,NaN,NaN,NaN,NaN
"2023-09-12 17:12:00",41.99,21.54,NaN,NaN,NaN,NaN
"2023-09-12 17:13:00",41.88,21.53,NaN,NaN,NaN,NaN
"2023-09-12 17:14:00",41.58,21.53,NaN,NaN,NaN,NaN
"2023-09-12 17:15:00",41.68,21.54,NaN,NaN,NaN,NaN
"2023-09-12 17:16:00",41.31,21.54,NaN,NaN,NaN,NaN
"2023-09-12 17:17:00",39.79,21.54,NaN,NaN,NaN,NaN
"2023-09-12 17:18:00",37.6,21.54,NaN,NaN,NaN,NaN
"2023-09-12 17:19:00",35.44,21.54,NaN,NaN,NaN,NaN
"2023-09-12 17:20:00",33.29,21.53,NaN,NaN,NaN,NaN
"2023-09-12 17:21:00",31.93,21.54,NaN,NaN,NaN,NaN
"2023-09-12 17:22:00",30.14,21.54,NaN,NaN,NaN,NaN
"2023-09-12 17:23:00",29.25,21.48,NaN,NaN,NaN,NaN
"2023-09-12 17:24:00",28.02,21.46,NaN,NaN,NaN,NaN
"2023-09-12 17:25:00",27.14,21.45,NaN,NaN,NaN,NaN
"2023-09-12 17:26:00",25.69,21.42,NaN,NaN,NaN,NaN
"2023-09-12 17:27:00",24.13,21.4,NaN,NaN,NaN,NaN
"2023-09-12 17:28:00",23.06,21.37,NaN,NaN,NaN,NaN
"2023-09-12 17:29:00",21.51,21.37,NaN,NaN,NaN,NaN
"2023-09-12 17:30:00",19.91,21.37,101275,100,3.50918,309.736
"2023-09-12 17:31:00",19.67,21.37,NaN,NaN,NaN,NaN
"2023-09-12 17:32:00",19.37,21.35,NaN,NaN,NaN,NaN
"2023-09-12 17:33:00",19.02,21.32,NaN,NaN,NaN,NaN
"2023-09-12 17:34:00",18.76,21.3,NaN,NaN,NaN,NaN
"2023-09-12 17:35:00",17.53,21.29,NaN,NaN,NaN,NaN
"2023-09-12 17:36:00",17.93,21.27,NaN,NaN,NaN,NaN
"2023-09-12 17:37:00",16.5,21.23,NaN,NaN,NaN,NaN
"2023-09-12 17:38:00",15.35,21.21,NaN,NaN,NaN,NaN
"2023-09-12 17:39:00",14.28,21.21,NaN,NaN,NaN,NaN
"2023-09-12 17:40:00",13.29,21.2,NaN,NaN,NaN,NaN
"2023-09-12 17:41:00",12.06,21.2,NaN,NaN,NaN,NaN
"2023-09-12 17:42:00",11.24,21.2,NaN,NaN,NaN,NaN
"2023-09-12 17:43:00",10.51,21.17,NaN,NaN,NaN,NaN
"2023-09-12 17:44:00",8.63,21.13,NaN,NaN,NaN,NaN
"2023-09-12 17:45:00",7.134,21.12,NaN,NaN,NaN,NaN
"2023-09-12 17:46:00",7.1,21.12,NaN,NaN,NaN,NaN
"2023-09-12 17:47:00",6.926,21.12,NaN,NaN,NaN,NaN
"2023-09-12 17:48:00",6.353,21.1,NaN,NaN,NaN,NaN
"2023-09-12 17:49:00",6.117,21.09,NaN,NaN,NaN,NaN
"2023-09-12 17:50:00",5.442,21.08,NaN,NaN,NaN,NaN
"2023-09-12 17:51:00",5.032,21.07,NaN,NaN,NaN,NaN
"2023-09-12 17:52:00",5.268,21.06,NaN,NaN,NaN,NaN
"2023-09-12 17:53:00",4.688,21.07,NaN,NaN,NaN,NaN
"2023-09-12 17:54:00",4.101,21.06,NaN,NaN,NaN,NaN
"2023-09-12 17:55:00",3.394,21.06,NaN,NaN,NaN,NaN
"2023-09-12 17:56:00",2.824,21.04,NaN,NaN,NaN,NaN
"2023-09-12 17:57:00",1.7,21.04,NaN,NaN,NaN,NaN
"2023-09-12 17:58:00",1.294,21.04,NaN,NaN,NaN,NaN
"2023-09-12 17:59:00",0.784,21.04,NaN,NaN,NaN,NaN
"2023-09-12 18:00:00",0.823,21.04,101275,100,3.41887,310.839
"2023-09-12 18:01:00",-0.141,20.98,NaN,NaN,NaN,NaN
"2023-09-12 18:02:00",0.235,20.96,NaN,NaN,NaN,NaN
"2023-09-12 18:03:00",-0.982,20.96,NaN,NaN,NaN,NaN
"2023-09-12 18:04:00",-0.749,20.96,NaN,NaN,NaN,NaN
"2023-09-12 18:05:00",-0.861,20.97,NaN,NaN,NaN,NaN
"2023-09-12 18:06:00",-1.326,20.97,NaN,NaN,NaN,NaN
"2023-09-12 18:07:00",-1.659,20.97,NaN,NaN,NaN,NaN
"2023-09-12 18:08:00",-0.855,20.97,NaN,NaN,NaN,NaN
"2023-09-12 18:09:00",-1.524,20.97,NaN,NaN,NaN,NaN
"2023-09-12 18:10:00",-1.094,20.97,NaN,NaN,NaN,NaN
"2023-09-12 18:11:00",-1.73,20.97,NaN,NaN,NaN,NaN
"2023-09-12 18:12:00",-0.986,20.97,NaN,NaN,NaN,NaN
"2023-09-12 18:13:00",-1.535,20.95,NaN,NaN,NaN,NaN
"2023-09-12 18:14:00",-1.895,20.93,NaN,NaN,NaN,NaN
"2023-09-12 18:15:00",-1.999,20.9,NaN,NaN,NaN,NaN
"2023-09-12 18:16:00",-1.564,20.9,NaN,NaN,NaN,NaN
"2023-09-12 18:17:00",-1.89,20.88,NaN,NaN,NaN,NaN
"2023-09-12 18:18:00",-1.909,20.88,NaN,NaN,NaN,NaN
"2023-09-12 18:19:00",-1.729,20.84,NaN,NaN,NaN,NaN
"2023-09-12 18:20:00",-1.596,20.82,NaN,NaN,NaN,NaN
"2023-09-12 18:21:00",-1.805,20.82,NaN,NaN,NaN,NaN
"2023-09-12 18:22:00",-2.003,20.82,NaN,NaN,NaN,NaN
"2023-09-12 18:23:00",-1.393,20.81,NaN,NaN,NaN,NaN
"2023-09-12 18:24:00",-1.8,20.8,NaN,NaN,NaN,NaN
"2023-09-12 18:25:00",-1.396,20.81,NaN,NaN,NaN,NaN
"2023-09-12 18:26:00",-1.759,20.81,NaN,NaN,NaN,NaN
"2023-09-12 18:27:00",-2.007,20.8,NaN,NaN,NaN,NaN
"2023-09-12 18:28:00",-1.702,20.82,NaN,NaN,NaN,NaN
"2023-09-12 18:29:00",-2.171,20.81,NaN,NaN,NaN,NaN
"2023-09-12 18:30:00",-1.628,20.8,101275,100,3.51438,325.96
"2023-09-12 18:31:00",-2.036,20.8,NaN,NaN,NaN,NaN
"2023-09-12 18:32:00",-1.457,20.77,NaN,NaN,NaN,NaN
"2023-09-12 18:33:00",-1.217,20.76,NaN,NaN,NaN,NaN
"2023-09-12 18:34:00",-1.705,20.76,NaN,NaN,NaN,NaN
"2023-09-12 18:35:00",-1.865,20.76,NaN,NaN,NaN,NaN
"2023-09-12 18:36:00",-1.636,20.75,NaN,NaN,NaN,NaN
"2023-09-12 18:37:00",-2.134,20.76,NaN,NaN,NaN,NaN
"2023-09-12 18:38:00",-1.872,20.77,NaN,NaN,NaN,NaN
"2023-09-12 18:39:00",-1.799,20.77,NaN,NaN,NaN,NaN
"2023-09-12 18:40:00",-1.967,20.75,NaN,NaN,NaN,NaN
"2023-09-12 18:41:00",-2.075,20.76,NaN,NaN,NaN,NaN
"2023-09-12 18:42:00",-2.175,20.75,NaN,NaN,NaN,NaN
"2023-09-12 18:43:00",-2.066,20.74,NaN,NaN,NaN,NaN
"2023-09-12 18:44:00",-2.546,20.76,NaN,NaN,NaN,NaN
"2023-09-12 18:45:00",-2.067,20.73,NaN,NaN,NaN,NaN
"2023-09-12 18:46:00",-1.868,20.72,NaN,NaN,NaN,NaN
"2023-09-12 18:47:00",-2.647,20.71,NaN,NaN,NaN,NaN
"2023-09-12 18:48:00",-2.317,20.69,NaN,NaN,NaN,NaN
"2023-09-12 18:49:00",-2.405,20.67,NaN,NaN,NaN,NaN
"2023-09-12 18:50:00",-2.405,20.68,NaN,NaN,NaN,NaN
"2023-09-12 18:51:00",-2.147,20.67,NaN,NaN,NaN,NaN
"2023-09-12 18:52:00",-2.473,20.67,NaN,NaN,NaN,NaN
"2023-09-12 18:53:00",-2.349,20.66,NaN,NaN,NaN,NaN
"2023-09-12 18:54:00",-2.003,20.65,NaN,NaN,NaN,NaN
"2023-09-12 18:55:00",-2.378,20.65,NaN,NaN,NaN,NaN
"2023-09-12 18:56:00",-2.207,20.62,NaN,NaN,NaN,NaN
"2023-09-12 18:57:00",-2.08,20.62,NaN,NaN,NaN,NaN
"2023-09-12 18:58:00",-2.886,20.62,NaN,NaN,NaN,NaN
"2023-09-12 18:59:00",-2.718,20.61,NaN,NaN,NaN,NaN
"2023-09-12 19:00:00",-2.171,20.6,101275,100,2.42709,351.828
"2023-09-12 19:01:00",-2.007,20.6,NaN,NaN,NaN,NaN
"2023-09-12 19:02:00",-2.21,20.6,NaN,NaN,NaN,NaN
"2023-09-12 19:03:00",-2.204,20.6,NaN,NaN,NaN,NaN
"2023-09-12 19:04:00",-1.773,20.59,NaN,NaN,NaN,NaN
"2023-09-12 19:05:00",-2.51,20.59,NaN,NaN,NaN,NaN
"2023-09-12 19:06:00",-1.969,20.59,NaN,NaN,NaN,NaN
"2023-09-12 19:07:00",-2.274,20.59,NaN,NaN,NaN,NaN
"2023-09-12 19:08:00",-2.61,20.59,NaN,NaN,NaN,NaN
"2023-09-12 19:09:00",-2.176,20.59,NaN,NaN,NaN,NaN
"2023-09-12 19:10:00",-1.978,20.6,NaN,NaN,NaN,NaN
"2023-09-12 19:11:00",-1.766,20.56,NaN,NaN,NaN,NaN
"2023-09-12 19:12:00",-1.968,20.53,NaN,NaN,NaN,NaN
"2023-09-12 19:13:00",-1.844,20.53,NaN,NaN,NaN,NaN
"2023-09-12 19:14:00",-2.407,20.56,NaN,NaN,NaN,NaN
"2023-09-12 19:15:00",-2.111,20.57,NaN,NaN,NaN,NaN
"2023-09-12 19:16:00",-1.941,20.53,NaN,NaN,NaN,NaN
"2023-09-12 19:17:00",-1.827,20.54,NaN,NaN,NaN,NaN
"2023-09-12 19:18:00",-2.046,20.53,NaN,NaN,NaN,NaN
"2023-09-12 19:19:00",-2.509,20.53,NaN,NaN,NaN,NaN
"2023-09-12 19:20:00",-2.006,20.54,NaN,NaN,NaN,NaN
"2023-09-12 19:21:00",-2.214,20.55,NaN,NaN,NaN,NaN
"2023-09-12 19:22:00",-1.827,20.53,NaN,NaN,NaN,NaN
"2023-09-12 19:23:00",-1.227,20.53,NaN,NaN,NaN,NaN
"2023-09-12 19:24:00",-1.836,20.52,NaN,NaN,NaN,NaN
"2023-09-12 19:25:00",-2.183,20.51,NaN,NaN,NaN,NaN
"2023-09-12 19:26:00",-2.232,20.51,NaN,NaN,NaN,NaN
"2023-09-12 19:27:00",-2.14,20.5,NaN,NaN,NaN,NaN
"2023-09-12 19:28:00",-2.043,20.47,NaN,NaN,NaN,NaN
"2023-09-12 19:29:00",-1.73,20.45,NaN,NaN,NaN,NaN
"2023-09-12 19:30:00",-1.977,20.43,101275,100,2.25085,7.75169
"2023-09-12 19:31:00",-2.372,20.43,NaN,NaN,NaN,NaN
"2023-09-12 19:32:00",-2.062,20.42,NaN,NaN,NaN,NaN
"2023-09-12 19:33:00",-2.075,20.38,NaN,NaN,NaN,NaN
"2023-09-12 19:34:00",-2.044,20.37,NaN,NaN,NaN,NaN
"2023-09-12 19:35:00",-1.697,20.35,NaN,NaN,NaN,NaN
"2023-09-12 19:36:00",-1.692,20.35,NaN,NaN,NaN,NaN
"2023-09-12 19:37:00",-2.071,20.35,NaN,NaN,NaN,NaN
"2023-09-12 19:38:00",-2.139,20.35,NaN,NaN,NaN,NaN
"2023-09-12 19:39:00",-1.831,20.33,NaN,NaN,NaN,NaN
"2023-09-12 19:40:00",-1.296,20.32,NaN,NaN,NaN,NaN
"2023-09-12 19:41:00",-2.295,20.29,NaN,NaN,NaN,NaN
"2023-09-12 19:42:00",-1.807,20.29,NaN,NaN,NaN,NaN
"2023-09-12 19:43:00",-2.171,20.28,NaN,NaN,NaN,NaN
"2023-09-12 19:44:00",-2.45,20.28,NaN,NaN,NaN,NaN
"2023-09-12 19:45:00",-1.736,20.28,NaN,NaN,NaN,NaN
"2023-09-12 19:46:00",-1.289,20.27,NaN,NaN,NaN,NaN
"2023-09-12 19:47:00",-1.931,20.25,NaN,NaN,NaN,NaN
"2023-09-12 19:48:00",-1.771,20.25,NaN,NaN,NaN,NaN
"2023-09-12 19:49:00",-1.866,20.24,NaN,NaN,NaN,NaN
"2023-09-12 19:50:00",-1.43,20.24,NaN,NaN,NaN,NaN
"2023-09-12 19:51:00",-1.835,20.25,NaN,NaN,NaN,NaN
"2023-09-12 19:52:00",-1.692,20.25,NaN,NaN,NaN,NaN
"2023-09-12 19:53:00",-2.179,20.25,NaN,NaN,NaN,NaN
"2023-09-12 19:54:00",-1.972,20.24,NaN,NaN,NaN,NaN
"2023-09-12 19:55:00",-2.173,20.23,NaN,NaN,NaN,NaN
"2023-09-12 19:56:00",-2.102,20.21,NaN,NaN,NaN,NaN
"2023-09-12 19:57:00",-2.07,20.2,NaN,NaN,NaN,NaN
"2023-09-12 19:58:00",-1.97,20.19,NaN,NaN,NaN,NaN
"2023-09-12 19:59:00",-2.032,20.19,NaN,NaN,NaN,NaN
"2023-09-12 20:00:00",-1.835,20.19,101275,100,3.09043,355.727
"2023-09-12 20:01:00",-2.277,20.18,NaN,NaN,NaN,NaN
"2023-09-12 20:02:00",-1.729,20.18,NaN,NaN,NaN,NaN
"2023-09-12 20:03:00",-1.94,20.19,NaN,NaN,NaN,NaN
"2023-09-12 20:04:00",-2.344,20.17,NaN,NaN,NaN,NaN
"2023-09-12 20:05:00",-2.009,20.14,NaN,NaN,NaN,NaN
"2023-09-12 20:06:00",-1.876,20.14,NaN,NaN,NaN,NaN
"2023-09-12 20:07:00",-1.776,20.13,NaN,NaN,NaN,NaN
"2023-09-12 20:08:00",-2.036,20.14,NaN,NaN,NaN,NaN
"2023-09-12 20:09:00",-2.885,20.16,NaN,NaN,NaN,NaN
"2023-09-12 20:10:00",-2.016,20.16,NaN,NaN,NaN,NaN
"2023-09-12 20:11:00",-1.939,20.16,NaN,NaN,NaN,NaN
"2023-09-12 20:12:00",-2.044,20.15,NaN,NaN,NaN,NaN
"2023-09-12 20:13:00",-2.002,20.15,NaN,NaN,NaN,NaN
"2023-09-12 20:14:00",-1.834,20.14,NaN,NaN,NaN,NaN
"2023-09-12 20:15:00",-1.698,20.14,NaN,NaN,NaN,NaN
"2023-09-12 20:16:00",-1.7,20.14,NaN,NaN,NaN,NaN
"2023-09-12 20:17:00",-1.835,20.13,NaN,NaN,NaN,NaN
"2023-09-12 20:18:00",-1.971,20.13,NaN,NaN,NaN,NaN
"2023-09-12 20:19:00",-1.664,20.12,NaN,NaN,NaN,NaN
"2023-09-12 20:20:00",-2.139,20.11,NaN,NaN,NaN,NaN
"2023-09-12 20:21:00",-1.771,20.11,NaN,NaN,NaN,NaN
"2023-09-12 20:22:00",-1.838,20.11,NaN,NaN,NaN,NaN
"2023-09-12 20:23:00",-1.969,20.11,NaN,NaN,NaN,NaN
"2023-09-12 20:24:00",-1.402,20.1,NaN,NaN,NaN,NaN
"2023-09-12 20:25:00",-1.76,20.1,NaN,NaN,NaN,NaN
"2023-09-12 20:26:00",-1.629,20.1,NaN,NaN,NaN,NaN
"2023-09-12 20:27:00",-1.799,20.06,NaN,NaN,NaN,NaN
"2023-09-12 20:28:00",-2.164,20.03,NaN,NaN,NaN,NaN
"2023-09-12 20:29:00",-1.339,20.03,NaN,NaN,NaN,NaN
"2023-09-12 20:30:00",-1.908,20.02,101275,100,2.54878,336.515
"2023-09-12 20:31:00",-1.666,20,NaN,NaN,NaN,NaN
"2023-09-12 20:32:00",-1.737,19.97,NaN,NaN,NaN,NaN
"2023-09-12 20:33:00",-1.402,19.94,NaN,NaN,NaN,NaN
"2023-09-12 20:34:00",-2.203,19.94,NaN,NaN,NaN,NaN
"2023-09-12 20:35:00",-1.976,19.94,NaN,NaN,NaN,NaN
"2023-09-12 20:36:00",-2.271,19.93,NaN,NaN,NaN,NaN
"2023-09-12 20:37:00",-2.184,19.92,NaN,NaN,NaN,NaN
"2023-09-12 20:38:00",-2.038,19.9,NaN,NaN,NaN,NaN
"2023-09-12 20:39:00",-2.073,19.88,NaN,NaN,NaN,NaN
"2023-09-12 20:40:00",-1.792,19.89,NaN,NaN,NaN,NaN
"2023-09-12 20:41:00",-2.652,19.88,NaN,NaN,NaN,NaN
"2023-09-12 20:42:00",-1.728,19.87,NaN,NaN,NaN,NaN
"2023-09-12 20:43:00",-1.866,19.88,NaN,NaN,NaN,NaN
"2023-09-12 20:44:00",-1.795,19.87,NaN,NaN,NaN,NaN
"2023-09-12 20:45:00",-1.907,19.87,NaN,NaN,NaN,NaN
"2023-09-12 20:46:00",-1.826,19.86,NaN,NaN,NaN,NaN
"2023-09-12 20:47:00",-2.248,19.82,NaN,NaN,NaN,NaN
"2023-09-12 20:48:00",-1.525,19.8,NaN,NaN,NaN,NaN
"2023-09-12 20:49:00",-2.14,19.78,NaN,NaN,NaN,NaN
"2023-09-12 20:50:00",-1.563,19.75,NaN,NaN,NaN,NaN
"2023-09-12 20:51:00",-2.571,19.72,NaN,NaN,NaN,NaN
"2023-09-12 20:52:00",-2.209,19.71,NaN,NaN,NaN,NaN
"2023-09-12 20:53:00",-2.116,19.69,NaN,NaN,NaN,NaN
"2023-09-12 20:54:00",-1.944,19.68,NaN,NaN,NaN,NaN
"2023-09-12 20:55:00",-1.8,19.66,NaN,NaN,NaN,NaN
"2023-09-12 20:56:00",-1.465,19.64,NaN,NaN,NaN,NaN
"2023-09-12 20:57:00",-1.97,19.63,NaN,NaN,NaN,NaN
"2023-09-12 20:58:00",-1.63,19.64,NaN,NaN,NaN,NaN
"2023-09-12 20:59:00",-2.203,19.59,NaN,NaN,NaN,NaN
"2023-09-12 21:00:00",-2.439,19.58,101275,100,3.17142,320.053
"2023-09-12 21:01:00",-2.147,19.55,NaN,NaN,NaN,NaN
"2023-09-12 21:02:00",-2.821,19.55,NaN,NaN,NaN,NaN
"2023-09-12 21:03:00",-2.083,19.51,NaN,NaN,NaN,NaN
"2023-09-12 21:04:00",-2.206,19.51,NaN,NaN,NaN,NaN
"2023-09-12 21:05:00",-2.579,19.49,NaN,NaN,NaN,NaN
"2023-09-12 21:06:00",-2.137,19.5,NaN,NaN,NaN,NaN
"2023-09-12 21:07:00",-2.543,19.5,NaN,NaN,NaN,NaN
"2023-09-12 21:08:00",-1.666,19.5,NaN,NaN,NaN,NaN
"2023-09-12 21:09:00",-2.203,19.48,NaN,NaN,NaN,NaN
"2023-09-12 21:10:00",-1.904,19.49,NaN,NaN,NaN,NaN
"2023-09-12 21:11:00",-2.336,19.48,NaN,NaN,NaN,NaN
"2023-09-12 21:12:00",-1.733,19.49,NaN,NaN,NaN,NaN
"2023-09-12 21:13:00",-1.937,19.47,NaN,NaN,NaN,NaN
"2023-09-12 21:14:00",-2.071,19.44,NaN,NaN,NaN,NaN
"2023-09-12 21:15:00",-2.682,19.43,NaN,NaN,NaN,NaN
"2023-09-12 21:16:00",-2.011,19.41,NaN,NaN,NaN,NaN
"2023-09-12 21:17:00",-2.282,19.37,NaN,NaN,NaN,NaN
"2023-09-12 21:18:00",-2.21,19.35,NaN,NaN,NaN,NaN
"2023-09-12 21:19:00",-2.336,19.34,NaN,NaN,NaN,NaN
"2023-09-12 21:20:00",-2.178,19.33,NaN,NaN,NaN,NaN
"2023-09-12 21:21:00",-2.646,19.31,NaN,NaN,NaN,NaN
"2023-09-12 21:22:00",-2.581,19.29,NaN,NaN,NaN,NaN
"2023-09-12 21:23:00",-2.409,19.27,NaN,NaN,NaN,NaN
"2023-09-12 21:24:00",-1.836,19.26,NaN,NaN,NaN,NaN
"2023-09-12 21:25:00",-2.168,19.25,NaN,NaN,NaN,NaN
"2023-09-12 21:26:00",-2.646,19.24,NaN,NaN,NaN,NaN
"2023-09-12 21:27:00",-1.969,19.22,NaN,NaN,NaN,NaN
"2023-09-12 21:28:00",-1.557,19.2,NaN,NaN,NaN,NaN
"2023-09-12 21:29:00",-2.035,19.19,NaN,NaN,NaN,NaN
"2023-09-12 21:30:00",-1.797,19.2,101275,100,3.83771,326.881
"2023-09-12 21:31:00",-2.381,19.19,NaN,NaN,NaN,NaN
"2023-09-12 21:32:00",-1.664,19.2,NaN,NaN,NaN,NaN
"2023-09-12 21:33:00",-2.377,19.19,NaN,NaN,NaN,NaN
"2023-09-12 21:34:00",-1.667,19.19,NaN,NaN,NaN,NaN
"2023-09-12 21:35:00",-2.042,19.19,NaN,NaN,NaN,NaN
"2023-09-12 21:36:00",-2.208,19.19,NaN,NaN,NaN,NaN
"2023-09-12 21:37:00",-1.876,19.2,NaN,NaN,NaN,NaN
"2023-09-12 21:38:00",-1.972,19.18,NaN,NaN,NaN,NaN
"2023-09-12 21:39:00",-2.03,19.18,NaN,NaN,NaN,NaN
"2023-09-12 21:40:00",-2.307,19.17,NaN,NaN,NaN,NaN
"2023-09-12 21:41:00",-1.736,19.14,NaN,NaN,NaN,NaN
"2023-09-12 21:42:00",-2.134,19.13,NaN,NaN,NaN,NaN
"2023-09-12 21:43:00",-1.709,19.1,NaN,NaN,NaN,NaN
"2023-09-12 21:44:00",-2.378,19.09,NaN,NaN,NaN,NaN
"2023-09-12 21:45:00",-2.007,19.1,NaN,NaN,NaN,NaN
"2023-09-12 21:46:00",-2.142,19.09,NaN,NaN,NaN,NaN
"2023-09-12 21:47:00",-1.839,19.09,NaN,NaN,NaN,NaN
"2023-09-12 21:48:00",-2.443,19.09,NaN,NaN,NaN,NaN
"2023-09-12 21:49:00",-1.796,19.08,NaN,NaN,NaN,NaN
"2023-09-12 21:50:00",-2.009,19.07,NaN,NaN,NaN,NaN
"2023-09-12 21:51:00",-2.412,19.05,NaN,NaN,NaN,NaN
"2023-09-12 21:52:00",-2.11,19.03,NaN,NaN,NaN,NaN
"2023-09-12 21:53:00",-1.833,19.03,NaN,NaN,NaN,NaN
"2023-09-12 21:54:00",-2.27,19.03,NaN,NaN,NaN,NaN
"2023-09-12 21:55:00",-1.744,19.02,NaN,NaN,NaN,NaN
"2023-09-12 21:56:00",-2.043,19.03,NaN,NaN,NaN,NaN
"2023-09-12 21:57:00",-2.173,19.03,NaN,NaN,NaN,NaN
"2023-09-12 21:58:00",-1.642,19.03,NaN,NaN,NaN,NaN
"2023-09-12 21:59:00",-1.4,19.03,NaN,NaN,NaN,NaN
"2023-09-12 22:00:00",-2.007,19.03,101275,100,3.22916,330.592
"2023-09-12 22:01:00",-1.763,19.03,NaN,NaN,NaN,NaN
"2023-09-12 22:02:00",-2.13,19.02,NaN,NaN,NaN,NaN
"2023-09-12 22:03:00",-1.735,19.02,NaN,NaN,NaN,NaN
"2023-09-12 22:04:00",-1.865,19.01,NaN,NaN,NaN,NaN
"2023-09-12 22:05:00",-1.699,19.01,NaN,NaN,NaN,NaN
"2023-09-12 22:06:00",-1.534,19.01,NaN,NaN,NaN,NaN
"2023-09-12 22:07:00",-1.355,19.01,NaN,NaN,NaN,NaN
"2023-09-12 22:08:00",-1.653,19.01,NaN,NaN,NaN,NaN
"2023-09-12 22:09:00",-2.343,19,NaN,NaN,NaN,NaN
"2023-09-12 22:10:00",-1.659,19,NaN,NaN,NaN,NaN
"2023-09-12 22:11:00",-1.975,19,NaN,NaN,NaN,NaN
"2023-09-12 22:12:00",-2.516,19,NaN,NaN,NaN,NaN
"2023-09-12 22:13:00",-1.873,19.01,NaN,NaN,NaN,NaN
"2023-09-12 22:14:00",-1.862,19,NaN,NaN,NaN,NaN
"2023-09-12 22:15:00",-2.038,18.98,NaN,NaN,NaN,NaN
"2023-09-12 22:16:00",-1.832,18.97,NaN,NaN,NaN,NaN
"2023-09-12 22:17:00",-1.898,18.97,NaN,NaN,NaN,NaN
"2023-09-12 22:18:00",-1.895,18.96,NaN,NaN,NaN,NaN
"2023-09-12 22:19:00",-2.484,18.96,NaN,NaN,NaN,NaN
"2023-09-12 22:20:00",-2.198,18.95,NaN,NaN,NaN,NaN
"2023-09-12 22:21:00",-2.302,18.93,NaN,NaN,NaN,NaN
"2023-09-12 22:22:00",-1.941,18.94,NaN,NaN,NaN,NaN
"2023-09-12 22:23:00",-2.278,18.93,NaN,NaN,NaN,NaN
"2023-09-12 22:24:00",-2.485,18.91,NaN,NaN,NaN,NaN
"2023-09-12 22:25:00",-2.518,18.92,NaN,NaN,NaN,NaN
"2023-09-12 22:26:00",-2.377,18.89,NaN,NaN,NaN,NaN
"2023-09-12 22:27:00",-2.856,18.87,NaN,NaN,NaN,NaN
"2023-09-12 22:28:00",-2.518,18.87,NaN,NaN,NaN,NaN
"2023-09-12 22:29:00",-2.072,18.87,NaN,NaN,NaN,NaN
"2023-09-12 22:30:00",-2.713,18.86,101275,100,2.36118,341.736
"2023-09-12 22:31:00",-2.885,18.85,NaN,NaN,NaN,NaN
"2023-09-12 22:32:00",-3.1,18.86,NaN,NaN,NaN,NaN
"2023-09-12 22:33:00",-2.849,18.84,NaN,NaN,NaN,NaN
"2023-09-12 22:34:00",-3.262,18.84,NaN,NaN,NaN,NaN
"2023-09-12 22:35:00",-2.824,18.82,NaN,NaN,NaN,NaN
"2023-09-12 22:36:00",-2.48,18.82,NaN,NaN,NaN,NaN
"2023-09-12 22:37:00",-3.227,18.79,NaN,NaN,NaN,NaN
"2023-09-12 22:38:00",-2.779,18.8,NaN,NaN,NaN,NaN
"2023-09-12 22:39:00",-3.261,18.79,NaN,NaN,NaN,NaN
"2023-09-12 22:40:00",-3.123,18.79,NaN,NaN,NaN,NaN
"2023-09-12 22:41:00",-2.962,18.79,NaN,NaN,NaN,NaN
"2023-09-12 22:42:00",-3.017,18.78,NaN,NaN,NaN,NaN
"2023-09-12 22:43:00",-3.193,18.78,NaN,NaN,NaN,NaN
"2023-09-12 22:44:00",-3.096,18.78,NaN,NaN,NaN,NaN
"2023-09-12 22:45:00",-2.885,18.78,NaN,NaN,NaN,NaN
"2023-09-12 22:46:00",-2.651,18.77,NaN,NaN,NaN,NaN
"2023-09-12 22:47:00",-2.38,18.78,NaN,NaN,NaN,NaN
"2023-09-12 22:48:00",-2.69,18.79,NaN,NaN,NaN,NaN
"2023-09-12 22:49:00",-2.583,18.79,NaN,NaN,NaN,NaN
"2023-09-12 22:50:00",-2.592,18.79,NaN,NaN,NaN,NaN
"2023-09-12 22:51:00",-2.133,18.79,NaN,NaN,NaN,NaN
"2023-09-12 22:52:00",-2.481,18.78,NaN,NaN,NaN,NaN
"2023-09-12 22:53:00",-2.615,18.79,NaN,NaN,NaN,NaN
"2023-09-12 22:54:00",-1.835,18.79,NaN,NaN,NaN,NaN
"2023-09-12 22:55:00",-2.714,18.79,NaN,NaN,NaN,NaN
"2023-09-12 22:56:00",-2.584,18.79,NaN,NaN,NaN,NaN
"2023-09-12 22:57:00",-2.546,18.78,NaN,NaN,NaN,NaN
"2023-09-12 22:58:00",-2.239,18.79,NaN,NaN,NaN,NaN
"2023-09-12 22:59:00",-2.246,18.79,NaN,NaN,NaN,NaN
"2023-09-12 23:00:00",-2.347,18.8,101275,100,1.92557,333.877
"2023-09-12 23:01:00",-2.381,18.78,NaN,NaN,NaN,NaN
"2023-09-12 23:02:00",-2.341,18.79,NaN,NaN,NaN,NaN
"2023-09-12 23:03:00",-2.07,18.78,NaN,NaN,NaN,NaN
"2023-09-12 23:04:00",-2.654,18.8,NaN,NaN,NaN,NaN
"2023-09-12 23:05:00",-2.612,18.79,NaN,NaN,NaN,NaN
"2023-09-12 23:06:00",-2.218,18.77,NaN,NaN,NaN,NaN
"2023-09-12 23:07:00",-2.66,18.76,NaN,NaN,NaN,NaN
"2023-09-12 23:08:00",-2.714,18.77,NaN,NaN,NaN,NaN
"2023-09-12 23:09:00",-2.587,18.78,NaN,NaN,NaN,NaN
"2023-09-12 23:10:00",-2.279,18.77,NaN,NaN,NaN,NaN
"2023-09-12 23:11:00",-2.612,18.76,NaN,NaN,NaN,NaN
"2023-09-12 23:12:00",-2.713,18.77,NaN,NaN,NaN,NaN
"2023-09-12 23:13:00",-2.41,18.77,NaN,NaN,NaN,NaN
"2023-09-12 23:14:00",-2.617,18.79,NaN,NaN,NaN,NaN
"2023-09-12 23:15:00",-2.247,18.78,NaN,NaN,NaN,NaN
"2023-09-12 23:16:00",-2.071,18.79,NaN,NaN,NaN,NaN
"2023-09-12 23:17:00",-2.576,18.79,NaN,NaN,NaN,NaN
"2023-09-12 23:18:00",-1.839,18.8,NaN,NaN,NaN,NaN
"2023-09-12 23:19:00",-1.825,18.79,NaN,NaN,NaN,NaN
"2023-09-12 23:20:00",-2.272,18.8,NaN,NaN,NaN,NaN
"2023-09-12 23:21:00",-1.77,18.81,NaN,NaN,NaN,NaN
"2023-09-12 23:22:00",-1.634,18.8,NaN,NaN,NaN,NaN
"2023-09-12 23:23:00",-2.571,18.79,NaN,NaN,NaN,NaN
"2023-09-12 23:24:00",-1.876,18.8,NaN,NaN,NaN,NaN
"2023-09-12 23:25:00",-2.039,18.79,NaN,NaN,NaN,NaN
"2023-09-12 23:26:00",-2.073,18.78,NaN,NaN,NaN,NaN
"2023-09-12 23:27:00",-2.172,18.77,NaN,NaN,NaN,NaN
"2023-09-12 23:28:00",-2.304,18.76,NaN,NaN,NaN,NaN
"2023-09-12 23:29:00",-2.11,18.75,NaN,NaN,NaN,NaN
"2023-09-12 23:30:00",-2.344,18.74,101275,100,1.77768,355.564
"2023-09-12 23:31:00",-2.381,18.72,NaN,NaN,NaN,NaN
"2023-09-12 23:32:00",-3.363,18.73,NaN,NaN,NaN,NaN
"2023-09-12 23:33:00",-3.127,18.72,NaN,NaN,NaN,NaN
"2023-09-12 23:34:00",-3.43,18.72,NaN,NaN,NaN,NaN
"2023-09-12 23:35:00",-3.096,18.72,NaN,NaN,NaN,NaN
"2023-09-12 23:36:00",-2.689,18.72,NaN,NaN,NaN,NaN
"2023-09-12 23:37:00",-2.892,18.72,NaN,NaN,NaN,NaN
"2023-09-12 23:38:00",-2.792,18.71,NaN,NaN,NaN,NaN
"2023-09-12 23:39:00",-2.957,18.71,NaN,NaN,NaN,NaN
"2023-09-12 23:40:00",-2.613,18.7,NaN,NaN,NaN,NaN
"2023-09-12 23:41:00",-3.025,18.7,NaN,NaN,NaN,NaN
"2023-09-12 23:42:00",-2.453,18.71,NaN,NaN,NaN,NaN
"2023-09-12 23:43:00",-2.476,18.71,NaN,NaN,NaN,NaN
"2023-09-12 23:44:00",-1.797,18.71,NaN,NaN,NaN,NaN
"2023-09-12 23:45:00",-1.538,18.71,NaN,NaN,NaN,NaN
"2023-09-12 23:46:00",-2.277,18.74,NaN,NaN,NaN,NaN
"2023-09-12 23:47:00",-1.593,18.75,NaN,NaN,NaN,NaN
"2023-09-12 23:48:00",-1.694,18.76,NaN,NaN,NaN,NaN
"2023-09-12 23:49:00",-1.367,18.77,NaN,NaN,NaN,NaN
"2023-09-12 23:50:00",-1.324,18.8,NaN,NaN,NaN,NaN
"2023-09-12 23:51:00",-1.484,18.8,NaN,NaN,NaN,NaN
"2023-09-12 23:52:00",-1.191,18.81,NaN,NaN,NaN,NaN
"2023-09-12 23:53:00",-1.391,18.82,NaN,NaN,NaN,NaN
"2023-09-12 23:54:00",-1.394,18.83,NaN,NaN,NaN,NaN
"2023-09-12 23:55:00",-1.162,18.84,NaN,NaN,NaN,NaN
"2023-09-12 23:56:00",-1.599,18.86,NaN,NaN,NaN,NaN
"2023-09-12 23:57:00",-1.127,18.88,NaN,NaN,NaN,NaN
"2023-09-12 23:58:00",-1.757,18.89,NaN,NaN,NaN,NaN
"2023-09-12 23:59:00",-1.093,18.9,NaN,NaN,NaN,NaN
